,Country,Region,Population,Average Government Expenditure as % of GDP,Average percentage change in GDP per capita USD,start_year,end_year
0,Americas_avg,Americas,28906786.0,4.254014316429955,2.4184954512803447,1850,1855
1,Europe_avg,Europe,46922111.0,8.371925494314807,1.7423496034786057,1850,1855
2,Americas_avg,Americas,29756504.0,4.49648473196608,1.950511784592015,1851,1856
3,Europe_avg,Europe,47204023.0,8.644956227336673,1.7876058490301538,1851,1856
4,Americas_avg,Americas,30631411.0,4.720940234051249,0.9046188540986755,1852,1857
5,Europe_avg,Europe,47487705.0,8.89202942712216,1.3090065058411815,1852,1857
6,Americas_avg,Americas,31532258.0,4.927294951728494,0.2976363065595544,1853,1858
7,Europe_avg,Europe,47773171.0,9.113056159098244,0.7661340474345657,1853,1858
8,Americas_avg,Americas,32416542.0,5.1154382184457665,0.7328826690306256,1854,1859
9,Europe_avg,Europe,48068042.0,9.307911808599007,0.959259435545099,1854,1859
10,Americas_avg,Americas,33282773.0,5.285488958412235,1.4442248888671072,1855,1860
11,Europe_avg,Europe,48372460.0,9.476732872803053,1.2573938530292406,1855,1860
12,Americas_avg,Americas,34129395.0,5.437491731675547,0.7481720458379026,1856,1861
13,Europe_avg,Europe,48686571.0,9.619548841165143,0.5521089910940491,1856,1861
14,Americas_avg,Americas,34954781.0,5.571393720530935,1.3582146357093405,1857,1862
15,Europe_avg,Europe,49010521.0,9.736318341717832,-0.18725126151092786,1857,1862
16,Americas_avg,Americas,35757229.0,5.687117311678551,2.2484147653112396,1858,1863
17,Europe_avg,Europe,49344457.0,9.826964322400771,1.1978452804114825,1858,1863
18,Americas_avg,Americas,36578153.0,5.784748376075363,2.4227218424444352,1859,1864
19,Europe_avg,Europe,49680921.0,9.891575717786997,0.7252353017970892,1859,1864
20,Americas_avg,Americas,37417976.0,5.8642984205168185,1.192890792984751,1860,1865
21,Europe_avg,Europe,50019932.0,9.930134454725689,0.431748545258972,1860,1865
22,Americas_avg,Americas,38277135.0,5.925747680550351,1.5728975152178126,1861,1866
23,Europe_avg,Europe,50361511.0,9.942646723854978,1.1976032082627563,1861,1866
24,Americas_avg,Americas,39156076.0,5.96905159612831,1.3923153865505489,1862,1867
25,Europe_avg,Europe,50705679.0,9.929083035720097,1.9173581034949505,1862,1867
26,Americas_avg,Americas,40055256.0,5.994262984955465,0.632833242147699,1863,1868
27,Europe_avg,Europe,51052458.0,9.889484762288498,0.2251782140916081,1863,1868
28,Americas_avg,Americas,40968437.0,6.001360300575064,0.7199218405558838,1864,1869
29,Europe_avg,Europe,51413167.0,9.823786267803795,0.38995862111568247,1864,1869
30,Americas_avg,Americas,47450276.0,6.060356831786739,-1.546072030021619,1865,1870
31,Asia_avg,Asia,251115205.0,6.26,,1865,1870
32,Europe_avg,Europe,122814234.0,9.721207972176352,1.7387805729353278,1865,1870
33,Americas_avg,Americas,48499375.0,6.119660374610816,-1.1684411226717994,1866,1871
34,Asia_avg,Asia,251636609.0,6.35977273844217,,1866,1871
35,Europe_avg,Europe,123478255.0,9.612118110761385,1.4782535029012722,1866,1871
36,Americas_avg,Americas,49567837.0,6.179285131016815,-1.139376783946866,1867,1872
37,Asia_avg,Asia,252064885.0,6.452764077993021,,1867,1872
38,Europe_avg,Europe,124142960.0,9.499349545459449,2.1933984956162877,1867,1872
39,Americas_avg,Americas,50655957.0,6.239221364536001,-0.6378456821476419,1868,1873
40,Asia_avg,Asia,252399639.0,6.539075838595317,,1868,1873
41,Europe_avg,Europe,124808492.0,9.385701057431733,2.714276657077921,1868,1873
42,Americas_avg,Americas,51768426.0,6.2994594137742235,-1.6206044483843018,1869,1874
43,Asia_avg,Asia,252734813.0,6.618554324824162,,1869,1874
44,Europe_avg,Europe,125479002.0,9.274047866307868,2.8263505645229348,1869,1874
45,Americas_avg,Americas,52905795.0,6.3600152627051925,1.5232922150654549,1870,1875
46,Asia_avg,Asia,253070405.0,6.69122547442062,-0.9349744745746968,1870,1875
47,Europe_avg,Europe,126154536.0,9.167294660382922,1.4552717081636146,1870,1875
48,Americas_avg,Americas,54068637.0,6.3541282226576214,0.5135200940214357,1871,1876
49,Asia_avg,Asia,253406417.0,6.839950470819343,-1.0068549563023388,1871,1876
50,Europe_avg,Europe,126835132.0,9.08170661033302,1.1115102898907692,1871,1876
51,Americas_avg,Americas,55257528.0,6.339888195664841,0.7860874198549039,1872,1877
52,Asia_avg,Asia,253742849.0,6.968352677117413,-1.0812949044045683,1872,1877
53,Europe_avg,Europe,127520837.0,8.995038005841588,0.8572702881113781,1872,1877
54,Americas_avg,Americas,56473067.0,6.323822644889293,-0.4164201201848461,1873,1878
55,Asia_avg,Asia,254079702.0,7.076392107566483,-1.071009456486598,1873,1878
56,Europe_avg,Europe,128211693.0,8.912619997042496,0.7144677043368963,1873,1878
57,Americas_avg,Americas,57712965.0,6.312452069539462,1.487159604822046,1874,1879
58,Asia_avg,Asia,254760858.0,7.164000882204706,-0.8891116268558052,1874,1879
59,Europe_avg,Europe,128910739.0,8.83978593140885,-0.1332978050993594,1874,1879
60,Americas_avg,Americas,70812319.0,7.057594193749238,-0.7269017408698963,1875,1880
61,Asia_avg,Asia,292767432.0,6.776783670581449,8.380573377449089,1875,1880
62,Europe_avg,Europe,249505583.0,9.34020594779849,-2.6125179276603916,1875,1880
63,Oceania_avg,Oceania,510014.0,12.882,,1875,1880
64,Americas_avg,Americas,72325495.0,8.078042203517612,0.4375334136116127,1876,1881
65,Asia_avg,Asia,294439612.0,6.37185446684763,8.808048028683029,1876,1881
66,Europe_avg,Europe,251357904.0,10.07612460060133,-2.187055365778443,1876,1881
67,Oceania_avg,Oceania,529338.0,12.95975,,1876,1881
68,Americas_avg,Americas,73868948.0,9.274512276898514,1.3866591222303182,1877,1882
69,Asia_avg,Asia,296481708.0,5.959644887115576,9.659348209285206,1877,1882
70,Europe_avg,Europe,255323086.0,10.552461159873454,-2.707122696753448,1877,1882
71,Oceania_avg,Oceania,545917.0,12.622266666666667,,1877,1882
72,Americas_avg,Americas,75443356.0,10.482481420558463,1.9827820371368876,1878,1883
73,Asia_avg,Asia,298897155.0,5.6127229346701135,10.810332926826662,1878,1883
74,Europe_avg,Europe,257219708.0,11.102395915750563,-2.202937175848454,1878,1883
75,Oceania_avg,Oceania,559490.0,12.553425,,1878,1883
76,Americas_avg,Americas,77052287.0,11.908913245333666,0.7616133222604748,1879,1884
77,Asia_avg,Asia,301332265.0,5.162272461371924,12.111627772658018,1879,1884
78,Europe_avg,Europe,259132265.0,11.84580229790189,-1.8533671102777038,1879,1884
79,Oceania_avg,Oceania,573401.0,12.64422,,1879,1884
80,Americas_avg,Americas,78696515.0,13.163953233333336,2.7008035147096088,1880,1885
81,Asia_avg,Asia,303787198.0,4.69169675,2.897108884819186,1880,1885
82,Europe_avg,Europe,261060893.0,12.618363171946031,0.6263481282313421,1880,1885
83,Oceania_avg,Oceania,587658.0,12.760599999999998,-0.8538422903063791,1880,1885
84,Americas_avg,Americas,80376836.0,13.5494814,2.040376822083716,1881,1886
85,Asia_avg,Asia,306262114.0,4.671872416666667,3.4616157054507335,1881,1886
86,Europe_avg,Europe,263005742.0,12.852068611870635,0.44103685522403513,1881,1886
87,Oceania_avg,Oceania,602269.0,13.0524,-0.8631894684219299,1881,1886
88,Americas_avg,Americas,82094058.0,13.635744133333333,0.9778712391039113,1882,1887
89,Asia_avg,Asia,308757177.0,4.694019,3.5380539982989,1882,1887
90,Europe_avg,Europe,264966947.0,12.907902453322222,1.1573252200794082,1882,1887
91,Oceania_avg,Oceania,617244.0,13.346966666666667,-0.23055746730901605,1882,1887
92,Americas_avg,Americas,83849012.0,13.409691,0.9831809576306805,1883,1888
93,Asia_avg,Asia,311272550.0,4.759652583333334,1.886953064435537,1883,1888
94,Europe_avg,Europe,266944658.0,13.198193719977779,0.9543781150385167,1883,1888
95,Oceania_avg,Oceania,632591.0,13.761866666666668,0.33746185604020873,1883,1888
96,Americas_avg,Americas,85607014.0,13.637887,0.9866673269308768,1884,1889
97,Asia_avg,Asia,313448863.0,4.587094333333334,1.0470952589720417,1884,1889
98,Europe_avg,Europe,268979990.0,13.504194181,1.0540762204298737,1884,1889
99,Oceania_avg,Oceania,647608.0,14.072933333333333,-0.013552430967305185,1884,1889
100,Americas_avg,Americas,87367581.0,13.385024566666667,1.2329099276941147,1885,1890
101,Asia_avg,Asia,315283070.0,4.5405175,1.1539190248842912,1885,1890
102,Europe_avg,Europe,271074227.0,13.594205228999998,1.2431857060116203,1885,1890
103,Oceania_avg,Oceania,662272.0,14.096866666666665,0.9338929695697784,1885,1890
104,Americas_avg,Americas,89130203.0,12.8368757,1.3986896646699654,1886,1891
105,Asia_avg,Asia,316772102.0,4.507370916666667,-0.8362891777033021,1886,1891
106,Europe_avg,Europe,273228669.0,13.608065167177777,0.9706819334904715,1886,1891
107,Oceania_avg,Oceania,676562.0,14.145283333333333,0.7140369209334718,1886,1891
108,Americas_avg,Americas,90894358.0,12.290379933333334,1.9516711684380228,1887,1892
109,Asia_avg,Asia,317912865.0,4.32317525,-0.056730687486061804,1887,1892
110,Europe_avg,Europe,275444648.0,13.584299445266666,0.7064135646178338,1887,1892
111,Oceania_avg,Oceania,690453.0,13.99785,1.0931244560487396,1887,1892
112,Americas_avg,Americas,92659499.0,11.610048166666667,1.1789843187701576,1888,1893
113,Asia_avg,Asia,318702240.0,4.0992869999999995,0.9227487031758308,1888,1893
114,Europe_avg,Europe,277723514.0,13.47124749872222,0.6825319214007219,1888,1893
115,Oceania_avg,Oceania,703920.0,13.729966666666668,1.3168578993821711,1888,1893
116,Americas_avg,Americas,94460485.0,11.167580533333334,0.9874100641126304,1889,1894
117,Asia_avg,Asia,319496026.0,3.885976916666667,2.3805026562315224,1889,1894
118,Europe_avg,Europe,280025552.0,13.423359009188887,1.0532420047501967,1889,1894
119,Oceania_avg,Oceania,717650.0,13.662349999999998,-0.6577385997626717,1889,1894
120,Americas_avg,Americas,96298078.0,10.3132967,2.5545318234115433,1890,1895
121,Asia_avg,Asia,320294259.0,3.8818486666666665,1.1294361072068648,1890,1895
122,Europe_avg,Europe,282351015.0,13.264180909744445,1.1803572220862968,1890,1895
123,Oceania_avg,Oceania,731648.0,13.675199999999998,-0.6015037593984962,1890,1895
124,Americas_avg,Americas,98173057.0,9.895491999999999,2.241828477733643,1891,1896
125,Asia_avg,Asia,321096980.0,3.841526333333333,1.247375939219757,1891,1896
126,Europe_avg,Europe,284700169.0,13.20114930887778,1.7270856738338214,1891,1896
127,Oceania_avg,Oceania,745919.0,13.781533333333334,1.3788464772154008,1891,1896
128,Americas_avg,Americas,100086223.0,9.7894572,0.6852741413229202,1892,1897
129,Asia_avg,Asia,321904227.0,3.7417041666666666,1.1397244737883838,1892,1897
130,Europe_avg,Europe,287073274.0,13.264672478400001,1.6436046658206216,1892,1897
131,Oceania_avg,Oceania,760468.0,13.6753,0.7823073114375312,1892,1897
132,Americas_avg,Americas,102038390.0,10.5005118,2.0316834997601108,1893,1898
133,Asia_avg,Asia,322716041.0,3.827597916666667,3.4262372189367474,1893,1898
134,Europe_avg,Europe,289470595.0,13.733672294477778,1.9976375132220303,1893,1898
135,Oceania_avg,Oceania,775301.0,13.591866666666666,1.0400794965220284,1893,1898
136,Americas_avg,Americas,104053220.0,10.689640633333333,3.1694692864738094,1894,1899
137,Asia_avg,Asia,323790830.0,3.97378175,0.46708528087597845,1894,1899
138,Europe_avg,Europe,295183388.0,13.676741775719444,2.6796622519220703,1894,1899
139,Oceania_avg,Oceania,791494.0,13.6666,2.5801928133216467,1894,1899
140,Americas_avg,Americas,123050613.0,10.538227676190475,-3.088137638951427,1895,1900
141,Asia_avg,Asia,325130656.0,4.032988666666667,0.9274860431893783,1895,1900
142,Europe_avg,Europe,297731708.0,13.711067849993055,2.4708545631902634,1895,1900
143,Oceania_avg,Oceania,809099.0,13.578000000000001,3.603789836347975,1895,1900
144,Americas_avg,Americas,125387325.0,10.308751623809522,-2.0858187344896906,1896,1901
145,Asia_avg,Asia,326737593.0,3.9895795,2.730656516375305,1896,1901
146,Europe_avg,Europe,300339033.0,13.823029646613193,1.9505926491431858,1896,1901
147,Oceania_avg,Oceania,4583187.0,12.398104166666668,0.21393739185150196,1896,1901
148,Americas_avg,Americas,127783649.0,9.814219861904762,-1.5530932656048457,1897,1902
149,Asia_avg,Asia,328613735.0,3.9685050833333335,1.019463911259062,1897,1902
150,Europe_avg,Europe,303006302.0,13.8911121084875,2.200791200210608,1897,1902
151,Oceania_avg,Oceania,4664319.0,11.527507499999999,0.9148665819567992,1897,1902
152,Americas_avg,Americas,130241311.0,9.531999423809523,-1.7625281401535253,1898,1903
153,Asia_avg,Asia,330761189.0,4.06491225,0.11750358256758187,1898,1903
154,Europe_avg,Europe,305734462.0,13.756414819784723,1.7435626269664173,1898,1903
155,Oceania_avg,Oceania,4745826.0,10.755890833333334,2.0906801007556686,1898,1903
156,Americas_avg,Americas,132750144.0,8.632180623809523,-2.73264001418966,1899,1904
157,Asia_avg,Asia,332924088.0,4.185083166666667,1.3165878273098075,1899,1904
158,Europe_avg,Europe,308492158.0,13.206922340458334,0.8759472232906962,1899,1904
159,Oceania_avg,Oceania,4828837.0,9.88394,1.9391398851110075,1899,1904
160,Americas_avg,Americas,139768772.0,8.304654357142857,1.031126460224896,1900,1905
161,Asia_avg,Asia,335102557.0,4.351592083333333,0.376840676221768,1900,1905
162,Europe_avg,Europe,311279742.0,13.19462285065625,1.0567205333958407,1900,1905
163,Oceania_avg,Oceania,4913379.0,8.949939166666667,1.2465333527952138,1900,1905
164,Americas_avg,Americas,142474768.0,8.18441456845238,1.09149150964992,1901,1906
165,Asia_avg,Asia,337296722.0,4.409332999999999,1.5681911762122214,1901,1906
166,Europe_avg,Europe,314097575.0,13.066382097916666,1.6524218569275995,1901,1906
167,Oceania_avg,Oceania,4999482.0,7.955592499999999,3.9782101167315176,1901,1906
168,Americas_avg,Americas,145237367.0,8.2307410625,1.1967542312317825,1902,1907
169,Asia_avg,Asia,339506712.0,4.5192958333333335,1.834967407232302,1902,1907
170,Europe_avg,Europe,316946011.0,12.856257197541666,1.6317431885360278,1902,1907
171,Oceania_avg,Oceania,5087177.0,7.9561025,4.103888213851761,1902,1907
172,Americas_avg,Americas,148057853.0,8.29988874107143,0.00273260767836625,1903,1908
173,Asia_avg,Asia,341732657.0,4.564557083333333,0.5408438096883206,1903,1908
174,Europe_avg,Europe,319825411.0,12.847214498647046,1.4088731559100065,1903,1908
175,Oceania_avg,Oceania,5176497.0,7.751548333333333,1.6476624857468636,1903,1908
176,Americas_avg,Americas,150786513.0,8.261134291666666,0.7839559183470257,1904,1909
177,Asia_avg,Asia,343690051.0,4.498541833333333,1.363956728278275,1904,1909
178,Europe_avg,Europe,322404875.0,12.978051487273307,1.0131657449662823,1904,1909
179,Oceania_avg,Oceania,5269683.0,7.704209166666668,1.9984431391975077,1904,1909
180,Americas_avg,Americas,153419904.0,8.0742939375,2.2997191787849625,1905,1910
181,Asia_avg,Asia,345377333.0,4.5100185,1.8603408974600555,1905,1910
182,Europe_avg,Europe,324508513.0,13.049154910755304,0.9644025665761946,1905,1910
183,Oceania_avg,Oceania,5366832.0,7.718720833333333,3.0544105523495446,1905,1910
184,Americas_avg,Americas,155954477.0,8.000160020833333,1.246993238952685,1906,1911
185,Asia_avg,Asia,346792931.0,4.276192083333333,0.7393260612267749,1906,1911
186,Europe_avg,Europe,326189843.0,13.074659841051853,1.1202571016414486,1906,1911
187,Oceania_avg,Oceania,5468045.0,7.625699999999999,1.9304167207581457,1906,1911
188,Americas_avg,Americas,158386555.0,8.009993979166667,1.7697993622388308,1907,1912
189,Asia_avg,Asia,347935271.0,4.1676519999999995,1.081672607488775,1907,1912
190,Europe_avg,Europe,327501221.0,13.099670631616869,1.220676068690274,1907,1912
191,Oceania_avg,Oceania,5573419.0,7.695193333333333,0.704473850031504,1907,1912
192,Africa_avg,Africa,6397751.0,18.81766,,1908,1913
193,Americas_avg,Americas,160712363.0,7.894347708333334,2.4690525170285893,1908,1913
194,Asia_avg,Asia,348802768.0,4.137095416666667,0.9552119632138067,1908,1913
195,Europe_avg,Europe,328410744.0,13.293034996577859,1.4652936664781269,1908,1913
196,Oceania_avg,Oceania,5683058.0,8.024969333333333,1.6381353700289703,1908,1913
197,Africa_avg,Africa,6501260.0,22.223985,,1909,1914
198,Americas_avg,Americas,163078702.0,7.917337788938063,-0.6430965551039125,1909,1914
199,Asia_avg,Asia,349677997.0,4.098722250000001,0.22383617401037892,1909,1914
200,Europe_avg,Europe,329332705.0,13.20410962509556,0.6151450793670765,1909,1914
201,Oceania_avg,Oceania,5794862.0,8.367482833333334,0.9534838834201897,1909,1914
202,Africa_avg,Africa,6606440.0,23.869190000000003,,1910,1915
203,Americas_avg,Americas,165486320.0,7.873436868736586,-1.0324262636796688,1910,1915
204,Asia_avg,Asia,350561049.0,4.0756594999999995,1.0798728509110234,1910,1915
205,Europe_avg,Europe,330267192.0,13.470404804152304,-0.05550505107497994,1910,1915
206,Oceania_avg,Oceania,5908873.0,8.66183175,-0.8653674235651709,1910,1915
207,Africa_avg,Africa,6713319.0,22.6642875,,1911,1916
208,Americas_avg,Americas,167935982.0,7.891150073855685,0.41198936782071094,1911,1916
209,Asia_avg,Asia,351452017.0,3.87766325,2.6309165225628472,1911,1916
210,Europe_avg,Europe,331214291.0,14.02513832512633,-0.17424079146383775,1911,1916
211,Oceania_avg,Oceania,6025135.0,9.066512416666667,-1.133013674302965,1911,1916
212,Africa_avg,Africa,6821924.0,21.979964000000002,,1912,1917
213,Americas_avg,Americas,170428469.0,7.868890490522353,-0.5125271936946185,1912,1917
214,Asia_avg,Asia,352350998.0,4.36990125,3.0355900622265697,1912,1917
215,Europe_avg,Europe,332174089.0,14.844454540529625,-1.7598023373374905,1912,1917
216,Oceania_avg,Oceania,6143692.0,9.763053916666665,-0.9848438736380793,1912,1917
217,Africa_avg,Africa,6927689.0,21.595478333333332,17.77242874677597,1913,1918
218,Americas_avg,Americas,173011208.0,8.188851407189018,0.004885428897694055,1913,1918
219,Asia_avg,Asia,353348436.0,4.3619303333333335,2.4994855328409837,1913,1918
220,Europe_avg,Europe,333148337.0,15.652923671557298,-2.9360444551247267,1913,1918
221,Oceania_avg,Oceania,6265796.0,10.44023125,-1.5433300876338851,1913,1918
222,Africa_avg,Africa,7042968.0,21.525605,13.70197362428534,1914,1919
223,Americas_avg,Americas,175694491.0,8.549509678022352,1.477357360363829,1914,1919
224,Asia_avg,Asia,354885412.0,4.3076295,4.7680511863625386,1914,1919
225,Europe_avg,Europe,334382146.0,15.990740487781949,-1.6511096437572315,1914,1919
226,Oceania_avg,Oceania,6389130.0,11.1429475,-0.424957013018914,1914,1919
227,Africa_avg,Africa,7168076.0,20.789136666666668,8.029181869021746,1915,1920
228,Americas_avg,Americas,181735850.0,8.44839910667688,0.3021665920292449,1915,1920
229,Asia_avg,Asia,356968115.0,4.426469333333333,2.064162869820736,1915,1920
230,Europe_avg,Europe,335876976.0,16.144835928972125,-0.3502486275068062,1915,1920
231,Oceania_avg,Oceania,6513692.0,11.739305166666668,0.6677879524076502,1915,1920
232,Africa_avg,Africa,7303334.0,20.168166666666668,4.179871570340676,1916,1921
233,Americas_avg,Americas,184653550.0,8.573892492156137,-2.208194800596035,1916,1921
234,Asia_avg,Asia,359602798.0,4.445242666666666,1.8431635980932448,1916,1921
235,Europe_avg,Europe,337634313.0,16.196442857935512,-1.0008453828666775,1916,1921
236,Oceania_avg,Oceania,6639483.0,12.1871445,0.08283132530120696,1916,1921
237,Africa_avg,Africa,7449070.0,20.994003333333335,1.8092672246526709,1917,1922
238,Americas_avg,Americas,187679920.0,8.634289474537036,-0.9848480088746325,1917,1922
239,Asia_avg,Asia,362795782.0,4.507850666666667,1.5263221378026115,1917,1922
240,Europe_avg,Europe,339655655.0,16.087104143851537,2.1047559469130794,1917,1922
241,Oceania_avg,Oceania,6766502.0,12.603715666666666,0.21510883482714682,1917,1922
242,Africa_avg,Africa,7605625.0,21.4843,0.9302609206076129,1918,1923
243,Americas_avg,Americas,190816977.0,8.619272900462963,-0.01502626451848732,1918,1923
244,Asia_avg,Asia,366553455.0,4.062296666666667,1.8879255753157187,1918,1923
245,Europe_avg,Europe,341942516.0,15.691606413952217,3.9707897353890598,1918,1923
246,Oceania_avg,Oceania,6894746.0,12.86135525,1.7290952255341585,1918,1923
247,Africa_avg,Africa,7765470.0,21.743461666666665,1.216130772854238,1919,1924
248,Americas_avg,Americas,194009632.0,8.159524337962964,1.0147218587597084,1919,1924
249,Asia_avg,Asia,370351009.0,4.07940425,0.5003202598269629,1919,1924
250,Europe_avg,Europe,349616822.0,15.205166428022038,3.5058356048896444,1919,1924
251,Oceania_avg,Oceania,7025421.0,12.94622625,1.1231020203287745,1919,1924
252,Africa_avg,Africa,7928675.0,22.22765,2.3630416031224755,1920,1925
253,Americas_avg,Americas,197258940.0,7.736380055555556,2.511131013923218,1920,1925
254,Asia_avg,Asia,374188880.0,4.0549004166666665,2.7164912544082176,1920,1925
255,Europe_avg,Europe,352038642.0,14.93662918796781,3.121125861252403,1920,1925
256,Oceania_avg,Oceania,7158573.0,12.818459833333334,0.8403158719633508,1920,1925
257,Africa_avg,Africa,8095309.0,22.286388333333335,3.2331156203222644,1921,1926
258,Americas_avg,Americas,200565983.0,7.761981722222223,4.435224191625715,1921,1926
259,Asia_avg,Asia,378067509.0,3.928736166666667,0.7821245243105546,1921,1926
260,Europe_avg,Europe,357865735.0,15.034880206178093,3.549041351483093,1921,1926
261,Oceania_avg,Oceania,7294249.0,12.592922000000002,0.8736407949006386,1921,1926
262,Africa_avg,Africa,8265446.0,21.83881,3.8983136227242765,1922,1927
263,Americas_avg,Americas,204878175.0,7.657717944444445,2.2662845369635454,1922,1927
264,Asia_avg,Asia,381987342.0,3.9606399166666666,0.5093617499420988,1922,1927
265,Europe_avg,Europe,365352856.0,14.74626553527584,2.284646183430783,1922,1927
266,Oceania_avg,Oceania,7432496.0,12.600862083333334,0.6511274385609322,1922,1927
267,Africa_avg,Africa,8439158.0,21.199655,5.192822148022529,1923,1928
268,Americas_avg,Americas,208330620.0,7.657125777777778,1.8666196291939485,1923,1928
269,Asia_avg,Asia,385948829.0,3.99815475,1.6949654783167256,1923,1928
270,Europe_avg,Europe,367914501.0,14.39605375315845,2.5186123411120542,1923,1928
271,Oceania_avg,Oceania,7573363.0,12.623282750000001,0.497723823975722,1923,1928
272,Africa_avg,Africa,8615057.0,20.942420000000002,3.426607756504665,1924,1929
273,Americas_avg,Americas,211617133.0,7.7703205018518515,1.7185080250243434,1924,1929
274,Asia_avg,Asia,390227094.0,4.019378833333334,1.7966903596574468,1924,1929
275,Europe_avg,Europe,373500804.0,14.377609863240588,2.766265601215925,1924,1929
276,Oceania_avg,Oceania,7700703.0,12.429055,-0.06653597100932718,1924,1929
277,Africa_avg,Africa,8793161.0,21.230796666666667,0.7461999078765524,1925,1930
278,Americas_avg,Americas,214732940.0,8.091218568518519,-0.3072640114334457,1925,1930
279,Asia_avg,Asia,394829058.0,4.243434583333333,-0.16011913360430396,1925,1930
280,Europe_avg,Europe,373038406.0,14.499659028553408,2.2132995173573544,1925,1930
281,Oceania_avg,Oceania,7814118.0,12.526494999999999,-2.170542635658914,1925,1930
282,Africa_avg,Africa,8973484.0,21.760015,-0.8976660682226223,1926,1931
283,Americas_avg,Americas,217673150.0,8.41564405925926,-2.6353406073620222,1926,1931
284,Asia_avg,Asia,399761762.0,4.527325,-0.1856440227316014,1926,1931
285,Europe_avg,Europe,378506456.0,14.855706661811139,1.0000113924559084,1926,1931
286,Oceania_avg,Oceania,7913202.0,13.0970925,-3.147116939105443,1926,1931
287,Africa_avg,Africa,9156043.0,22.30479166666667,-1.972699251431087,1927,1932
288,Americas_avg,Americas,220432764.0,8.815576983333333,-3.879487514358526,1927,1932
289,Asia_avg,Asia,405032371.0,4.7951603333333335,0.838105213632172,1927,1932
290,Europe_avg,Europe,378161050.0,14.92634686693737,-0.11882197952045592,1927,1932
291,Oceania_avg,Oceania,7997543.0,14.1469,-2.6131762973868233,1927,1932
292,Africa_avg,Africa,9340853.0,23.141773333333333,-1.4402618657937816,1928,1933
293,Americas_avg,Americas,223006660.0,9.195523433333333,-4.4993366415482505,1928,1933
294,Asia_avg,Asia,410648174.0,5.069123083333333,0.9561041630152456,1928,1933
295,Europe_avg,Europe,383609553.0,15.36159078890156,-0.4218482498420051,1928,1933
296,Oceania_avg,Oceania,8066718.0,14.736136666666667,-2.2185371631625705,1928,1933
297,Africa_avg,Africa,9529394.0,23.73358,1.0729253981559106,1929,1934
298,Americas_avg,Americas,225617397.0,9.432068866666667,-3.616739555188273,1929,1934
299,Asia_avg,Asia,416341917.0,5.327134583333334,0.17243627974602216,1929,1934
300,Europe_avg,Europe,383303489.0,15.641941955794932,-0.2693873981714012,1929,1934
301,Oceania_avg,Oceania,8136490.0,15.228743333333334,-1.3244322584490664,1929,1934
302,Africa_avg,Africa,9721741.0,23.89078333333333,4.733570159857905,1930,1935
303,Americas_avg,Americas,228265578.0,9.674682483333333,-0.947101554289107,1930,1935
304,Asia_avg,Asia,422114685.0,5.565287333333333,1.8623234238711905,1930,1935
305,Europe_avg,Europe,385908435.0,15.78020660865711,-0.01066373368497242,1930,1935
306,Oceania_avg,Oceania,8206867.0,15.753381666666668,1.2615184944840996,1930,1935
307,Africa_avg,Africa,9917969.0,23.420333333333332,8.646616541353382,1931,1936
308,Americas_avg,Americas,230951826.0,9.785203616666665,1.9105207842130678,1931,1936
309,Asia_avg,Asia,444334703.0,6.421753472222222,1.3466505282771957,1931,1936
310,Europe_avg,Europe,391433743.0,15.850956194211115,1.1019655694212194,1931,1936
311,Oceania_avg,Oceania,8277853.0,15.875018333333335,5.724436864918641,1931,1936
312,Africa_avg,Africa,10118159.0,22.453128333333336,11.74401563263312,1932,1937
313,Americas_avg,Americas,233676769.0,9.7506696,5.722042296244463,1932,1937
314,Asia_avg,Asia,433901697.0,6.415875555555555,2.11892727467919,1932,1937
315,Europe_avg,Europe,394087458.0,15.768479206052476,2.460068355841254,1932,1937
316,Oceania_avg,Oceania,8349454.0,15.360223333333336,6.651143099068584,1932,1937
317,Africa_avg,Africa,10322389.0,21.629135,7.495590828924161,1933,1938
318,Americas_avg,Americas,236441049.0,9.635669683333333,5.159350897082273,1933,1938
319,Asia_avg,Asia,456875557.0,7.205594222222222,0.4803745754791322,1933,1938
320,Europe_avg,Europe,396764340.0,15.946773631505549,2.2927702627268243,1933,1938
321,Oceania_avg,Oceania,8421674.0,14.901620833333334,6.221689315214496,1933,1938
322,Africa_avg,Africa,10528607.0,20.741808333333335,6.030230708035003,1934,1939
323,Americas_avg,Americas,239592245.0,9.6526884,4.296408814966508,1934,1939
324,Asia_avg,Asia,444406757.0,7.111706972222223,4.1551669732167085,1934,1939
325,Europe_avg,Europe,399329042.0,16.15608781661164,2.732158165788894,1934,1939
326,Oceania_avg,Oceania,8507194.0,14.599357500000002,5.041491127282014,1934,1939
327,Africa_avg,Africa,10736810.0,21.907605,4.552962298025136,1935,1940
328,Americas_avg,Americas,243142414.0,9.854006933333332,3.6432777820782247,1935,1940
329,Asia_avg,Asia,447358217.0,7.084323722222222,4.3431639888595175,1935,1940
330,Europe_avg,Europe,401780601.0,17.110064454271285,1.180800463806304,1935,1940
331,Oceania_avg,Oceania,8606331.0,14.428591666666668,4.258332315956537,1935,1940
332,Africa_avg,Africa,10946998.0,23.10155,3.031496062992125,1936,1941
333,Americas_avg,Americas,247103954.0,10.1592318,3.8815565411440245,1936,1941
334,Asia_avg,Asia,448763142.0,7.092621888888889,5.610550395883442,1936,1941
335,Europe_avg,Europe,404118033.0,18.40578304170647,0.67583210657578,1936,1941
336,Oceania_avg,Oceania,8719410.0,14.785555833333333,2.7501243025247213,1936,1941
337,Africa_avg,Africa,11159168.0,24.987538333333333,1.8405663281009543,1937,1942
338,Americas_avg,Americas,251489626.0,10.9585857,3.633457297822922,1937,1942
339,Asia_avg,Asia,448611892.0,6.6167964999999995,3.3674778413119544,1937,1942
340,Europe_avg,Europe,406340361.0,19.6975048064302,-0.4852329101070807,1937,1942
341,Oceania_avg,Oceania,8846761.0,15.672406666666667,4.08472332539052,1937,1942
342,Africa_avg,Africa,11373317.0,27.205748333333332,2.822322001282873,1938,1943
343,Americas_avg,Americas,256312554.0,12.237096183333334,4.560840275642559,1938,1943
344,Asia_avg,Asia,465381864.0,7.619157972222222,0.5306411117706045,1938,1943
345,Europe_avg,Europe,408446583.0,21.088453479845644,-0.5819855573400212,1938,1943
346,Oceania_avg,Oceania,8988722.0,17.098938333333333,3.6977949395386656,1938,1943
347,Africa_avg,Africa,11591575.0,29.234053333333332,2.06601466992665,1939,1944
348,Americas_avg,Americas,261239308.0,13.45150575,4.890568557502046,1939,1944
349,Asia_avg,Asia,445212622.0,7.385248931593662,0.09298506390853944,1939,1944
350,Europe_avg,Europe,401298526.0,22.525712862406042,-1.6173929823396693,1939,1944
351,Oceania_avg,Oceania,9132960.0,18.131110833333334,3.1271985725210305,1939,1944
352,Africa_avg,Africa,11814022.0,30.974193333333332,1.2401286926001776,1940,1945
353,Americas_avg,Americas,269322702.0,14.39865143181818,2.4733469845262235,1940,1945
354,Asia_avg,Asia,462692316.0,8.466757291825855,-6.193009880869756,1940,1945
355,Europe_avg,Europe,396572659.0,23.566291546529897,-1.345834510283026,1940,1945
356,Oceania_avg,Oceania,9279515.0,19.043824166666667,2.213387015601409,1940,1945
357,Africa_avg,Africa,12040737.0,30.415361666666666,0.9914529914529924,1941,1946
358,Americas_avg,Americas,275280840.0,14.737816479040404,0.5331501073018696,1941,1946
359,Asia_avg,Asia,458658163.0,9.314818866410903,-9.502916483222828,1941,1946
360,Europe_avg,Europe,398671689.0,24.11649204599044,0.5930401186751943,1941,1946
361,Oceania_avg,Oceania,9428420.0,19.5339375,1.2986886838270983,1941,1946
362,Africa_avg,Africa,12271803.0,29.734268333333333,0.5580608793686581,1942,1947
363,Americas_avg,Americas,280590656.0,14.772346790151515,-0.24958302573038216,1942,1947
364,Asia_avg,Asia,457491992.0,9.803406810855348,-8.72537457880301,1942,1947
365,Europe_avg,Europe,400789156.0,24.05450479333884,2.294352300234257,1942,1947
366,Oceania_avg,Oceania,9579717.0,20.258712499999998,0.3394600299006223,1942,1947
367,Africa_avg,Africa,12507304.0,28.792088333333336,1.6301292861157934,1943,1948
368,Americas_avg,Americas,286015621.0,14.238539829040404,-0.17004329291004483,1943,1948
369,Asia_avg,Asia,495816575.0,10.41527674418868,-6.426729159545097,1943,1948
370,Europe_avg,Europe,402925228.0,23.545822891149655,3.194994645407414,1943,1948
371,Oceania_avg,Oceania,9733442.0,20.385621666666665,-1.0042451009819486,1943,1948
372,Africa_avg,Africa,12764367.0,27.622654999999998,1.1578947368421044,1944,1949
373,Americas_avg,Americas,291756752.0,13.369259362373738,-1.234673691809025,1944,1949
374,Asia_avg,Asia,497515614.0,10.591275355299791,-8.216737565503596,1944,1949
375,Europe_avg,Europe,405245778.0,23.134550961596137,4.395433298160141,1944,1949
376,Oceania_avg,Oceania,9902943.0,20.105528333333332,0.7424389383652219,1944,1949
377,Africa_avg,Africa,13043843.0,25.657118333333333,2.258331038281467,1945,1950
378,Americas_avg,Americas,300049471.0,12.647446900835277,-0.1555383043516234,1945,1950
379,Asia_avg,Asia,540213822.0,10.970331514975973,0.29519997026344225,1945,1950
380,Europe_avg,Europe,432736852.0,22.559273492301866,5.751819780494687,1945,1950
381,Oceania_avg,Oceania,10088780.0,19.599418333333332,2.922651683356743,1945,1950
382,Africa_avg,Africa,13325058.0,23.738107833333334,2.4212812160694908,1946,1951
383,Americas_avg,Americas,306500360.0,12.083021860042734,1.3630914256973847,1946,1951
384,Asia_avg,Asia,622913919.0,11.052310988077112,6.963172709953529,1946,1951
385,Europe_avg,Europe,436221611.0,21.87262283632791,4.503738038405678,1946,1951
386,Oceania_avg,Oceania,10371965.0,19.174973583333333,2.0413189218771377,1946,1951
387,Africa_avg,Africa,13622914.0,22.9183165,2.895530573073759,1947,1952
388,Americas_avg,Americas,313144557.0,12.157750487179486,1.8021293673009042,1947,1952
389,Asia_avg,Asia,636406063.0,11.499925330158732,6.080102927744329,1947,1952
390,Europe_avg,Europe,439881497.0,21.22916200183931,3.5225414476413297,1947,1952
391,Oceania_avg,Oceania,10631744.0,19.483726583333333,0.9711172604635054,1947,1952
392,Africa_avg,Africa,13933250.0,22.495418,2.1621621621621623,1948,1953
393,Americas_avg,Americas,323506343.0,12.361888757020758,0.2695732511816873,1948,1953
394,Asia_avg,Asia,712777756.0,12.415205112987012,3.1624849961029344,1948,1953
395,Europe_avg,Europe,443878114.0,20.879157488685337,3.34400084021083,1948,1953
396,Oceania_avg,Oceania,10868126.0,19.034402,2.1083521444695252,1948,1953
397,Africa_avg,Africa,14255876.0,21.448522999999998,3.063629222309503,1949,1954
398,Americas_avg,Americas,330897330.0,12.626152963369963,0.42809196260321425,1949,1954
399,Asia_avg,Asia,728643029.0,13.245805906926407,4.394208791791838,1949,1954
400,Europe_avg,Europe,447984297.0,21.051141608434715,3.4098029177935585,1949,1954
401,Oceania_avg,Oceania,11099702.0,18.63034525,2.4069035878252,1949,1954
402,Africa_avg,Africa,14594134.0,20.522724166666666,2.326156891858453,1950,1955
403,Americas_avg,Americas,340975889.0,12.798516457814408,1.8945447910965152,1950,1955
404,Asia_avg,Asia,745246130.0,13.86932470995671,1.3716725014116316,1950,1955
405,Europe_avg,Europe,452069011.0,21.04423950286672,4.061091757492514,1950,1955
406,Oceania_avg,Oceania,11350823.0,18.060333833333335,1.1140982051079318,1950,1955
407,Africa_avg,Africa,14948935.0,20.138634,2.4939467312348684,1951,1956
408,Americas_avg,Americas,350060930.0,12.88207429435287,0.9674375422012149,1951,1956
409,Asia_avg,Asia,762499389.0,14.771531924242424,1.2512293965248844,1951,1956
410,Europe_avg,Europe,456245033.0,21.157510021590024,4.009090063968164,1951,1956
411,Oceania_avg,Oceania,11616156.0,17.64063116666667,2.5698324022346375,1951,1956
412,Africa_avg,Africa,15320140.0,20.041073833333332,2.5341317365269456,1952,1957
413,Americas_avg,Americas,358197350.0,12.974919059577227,1.048356586265946,1952,1957
414,Asia_avg,Asia,780320294.0,15.31289562878788,1.4984029209224925,1952,1957
415,Europe_avg,Europe,460518272.0,21.417820559936885,4.193260999719666,1952,1957
416,Oceania_avg,Oceania,11879514.0,17.510836916666666,2.5252566904457563,1952,1957
417,Africa_avg,Africa,15700877.0,19.584403833333333,1.9746716697936195,1953,1958
418,Americas_avg,Americas,366756450.0,13.16633215813492,1.725613561394348,1953,1958
419,Asia_avg,Asia,798551823.0,15.95427946969697,4.041082589028728,1953,1958
420,Europe_avg,Europe,464960250.0,21.731461055629065,3.60560278716767,1953,1958
421,Oceania_avg,Oceania,12139708.0,16.755436083333333,2.77230957729222,1953,1958
422,Africa_avg,Africa,16096459.0,19.097393999999998,1.680290644868303,1954,1959
423,Americas_avg,Americas,375421170.0,13.477971381349207,1.7539490445859895,1954,1959
424,Asia_avg,Asia,817370641.0,16.361972575757576,4.193953415237814,1954,1959
425,Europe_avg,Europe,469452038.0,21.922651270062165,3.3762762819841674,1954,1959
426,Oceania_avg,Oceania,12400696.0,16.35865975,2.085372794536142,1954,1959
427,Africa_avg,Africa,16520438.0,18.733035,1.4896918643316326,1955,1960
428,Americas_avg,Americas,385744263.0,13.766537545915034,0.29893121209685347,1955,1960
429,Asia_avg,Asia,836705806.0,16.40174375757576,3.8891752251304723,1955,1960
430,Europe_avg,Europe,473872171.0,22.171205655510406,3.4854804055724564,1955,1960
431,Oceania_avg,Oceania,12667839.0,17.647550800833333,1.7953038984383785,1955,1960
432,Africa_avg,Africa,16989468.0,18.237981,1.2228202368137797,1956,1961
433,Americas_avg,Americas,390533993.0,14.251682051470588,1.7003150282060142,1956,1961
434,Asia_avg,Asia,859454354.0,16.5887435239899,6.33221831436245,1956,1961
435,Europe_avg,Europe,478422127.0,22.478069032654986,3.754848662742134,1956,1961
436,Oceania_avg,Oceania,12937559.0,18.906590525,1.5078841217455086,1956,1961
437,Africa_avg,Africa,24784330.0,17.693375666666665,-4.430272108843538,1957,1962
438,Americas_avg,Americas,399292050.0,14.827572374387254,1.8959774532410956,1957,1962
439,Asia_avg,Asia,901969991.0,16.618709190656563,6.928802006325112,1957,1962
440,Europe_avg,Europe,501723675.0,23.00302300441191,3.079928425981171,1957,1962
441,Oceania_avg,Oceania,13198254.0,20.2443625325,1.894336030461683,1957,1962
442,Africa_avg,Africa,25500466.0,17.244035666666665,-3.8548559231590174,1958,1963
443,Americas_avg,Americas,412208712.0,15.344494634803922,1.4092639394795237,1958,1963
444,Asia_avg,Asia,923015157.0,16.673558261752138,7.987151134764376,1958,1963
445,Europe_avg,Europe,506181260.0,23.46525322383413,3.6839052104117087,1958,1963
446,Oceania_avg,Oceania,13457409.0,21.313323928333332,2.33437354281,1958,1963
447,Africa_avg,Africa,26243302.0,16.3041895,-3.7599497276916627,1959,1964
448,Americas_avg,Americas,416899055.0,15.717536916053922,3.3001988071570576,1959,1964
449,Asia_avg,Asia,944538199.0,16.318975991355867,8.024486315230423,1959,1964
450,Europe_avg,Europe,510606314.0,23.760151385521933,4.100505532667937,1959,1964
451,Oceania_avg,Oceania,13722264.0,22.683933104999998,2.200460433632272,1959,1964
452,Africa_avg,Africa,27014926.0,15.909455833333334,-3.715700433257685,1960,1965
453,Americas_avg,Americas,429887872.0,15.890078625612745,2.974074646472449,1960,1965
454,Asia_avg,Asia,965871306.0,16.125969722125095,8.336138357138099,1960,1965
455,Europe_avg,Europe,514827571.0,24.132623565998088,3.80213570599623,1960,1965
456,Oceania_avg,Oceania,13997761.0,24.45195795416667,3.039862542955327,1960,1965
457,Africa_avg,Africa,27809432.0,15.41713925,-3.931832014607426,1961,1966
458,Americas_avg,Americas,438441606.0,16.18756908639706,2.3111570083806665,1961,1966
459,Asia_avg,Asia,987047246.0,16.163872338675215,6.231835345616252,1961,1966
460,Europe_avg,Europe,518776121.0,24.53405510772417,3.519766229351413,1961,1966
461,Oceania_avg,Oceania,14277037.0,24.870493659166666,3.484280160949327,1961,1966
462,Africa_avg,Africa,28626775.0,15.341891833333333,2.1927908246859618,1962,1967
463,Americas_avg,Americas,449099771.0,16.304861604915576,1.129136438099696,1962,1967
464,Asia_avg,Asia,1008981294.0,16.181154128205126,5.749756212072854,1962,1967
465,Europe_avg,Europe,522591403.0,25.06731330590313,4.2033306388250935,1962,1967
466,Oceania_avg,Oceania,14534313.0,25.658974235,2.832775919732442,1962,1967
467,Africa_avg,Africa,29468692.0,15.641278583333333,1.6499206768905328,1963,1968
468,Americas_avg,Americas,457591198.0,16.319849332924836,2.185831945271266,1963,1968
469,Asia_avg,Asia,1031834185.0,16.445298794871796,6.318421861169927,1963,1968
470,Europe_avg,Europe,526092454.0,25.532480331273003,4.125487949671194,1963,1968
471,Oceania_avg,Oceania,14783688.0,26.40634982916667,2.2137281983747137,1963,1968
472,Africa_avg,Africa,30334067.0,15.622270833333333,1.6741906358828862,1964,1969
473,Americas_avg,Americas,466266486.0,16.47385517551743,0.9841705468178841,1964,1969
474,Asia_avg,Asia,1027659484.0,16.96303439423077,6.619934209998823,1964,1969
475,Europe_avg,Europe,529281279.0,26.310452464359344,3.9779769109706775,1964,1969
476,Oceania_avg,Oceania,15054710.0,27.259476305833335,2.767992570809472,1964,1969
477,Africa_avg,Africa,31230203.0,16.143104833333336,2.090459901178261,1965,1970
478,Americas_avg,Americas,475449379.0,16.621688145424837,1.7948962307076366,1965,1970
479,Asia_avg,Asia,1050871548.0,17.689158865384616,6.977240234891275,1965,1970
480,Europe_avg,Europe,532200648.0,27.422549418439147,4.13597072096386,1965,1970
481,Oceania_avg,Oceania,15419106.0,27.944378459166668,2.074993288190199,1965,1970
482,Africa_avg,Africa,32140329.0,16.1339995,2.646464646464648,1966,1971
483,Americas_avg,Americas,484872784.0,17.031188692810456,1.6658528513376414,1966,1971
484,Asia_avg,Asia,1074516453.0,18.47427239423669,7.1961312303737435,1966,1971
485,Europe_avg,Europe,535261612.0,28.72808109706472,4.262728291839655,1966,1971
486,Oceania_avg,Oceania,15862728.0,28.2210838275,2.0949615217075657,1966,1971
487,Africa_avg,Africa,33064462.0,16.78792341666667,1.619293712316967,1967,1972
488,Americas_avg,Americas,494040893.0,17.481931101851853,2.7428463410599946,1967,1972
489,Asia_avg,Asia,1098686827.0,19.062051732935156,7.7208302672028495,1967,1972
490,Europe_avg,Europe,538612392.0,30.018244682073277,4.627963914193214,1967,1972
491,Oceania_avg,Oceania,16221205.0,28.443165808333333,2.6518236414237606,1967,1972
492,Africa_avg,Africa,34019721.0,16.840422833333335,1.6951636541279935,1968,1973
493,Americas_avg,Americas,503032713.0,17.822054685185183,3.0269473263859537,1968,1973
494,Asia_avg,Asia,1123517329.0,19.337522857685656,7.215428492158722,1968,1973
495,Europe_avg,Europe,541773905.0,31.15380348943412,4.916363948736326,1968,1973
496,Oceania_avg,Oceania,16493961.0,28.520292059166668,3.3268746927325843,1968,1973
497,Africa_avg,Africa,34996000.0,16.656925,1.8328969293025477,1969,1974
498,Americas_avg,Americas,512056813.0,18.360448694444443,2.8881867231048997,1969,1974
499,Asia_avg,Asia,1148673541.0,19.543364261240548,5.998122270526229,1969,1974
500,Europe_avg,Europe,544822475.0,32.337276328955085,4.234466636604957,1969,1974
501,Oceania_avg,Oceania,16756198.0,29.044131144166666,2.420600391559713,1969,1974
502,Africa_avg,Africa,35987813.0,17.031500083333334,0.17894012388162572,1970,1975
503,Americas_avg,Americas,521221174.0,18.993423870370368,2.3961696266552046,1970,1975
504,Asia_avg,Asia,1173883988.0,20.184806052907216,4.894716464003475,1970,1975
505,Europe_avg,Europe,547721900.0,33.96321958655268,3.183998027211077,1970,1975
506,Oceania_avg,Oceania,16982299.0,30.029449122499997,2.1075106078214123,1970,1975
507,Africa_avg,Africa,36989306.0,17.3314455,-0.6422836752899208,1971,1976
508,Americas_avg,Americas,530456893.0,19.444482435185183,2.472205075810785,1971,1976
509,Asia_avg,Asia,1199081756.0,20.77896196957388,4.992957184448672,1971,1976
510,Europe_avg,Europe,550408005.0,35.330186021816786,3.1303256049513895,1971,1976
511,Oceania_avg,Oceania,17165897.0,31.25118532833333,1.962041953630198,1971,1976
512,Africa_avg,Africa,38025342.0,17.763607750000002,-0.6374501992031867,1972,1977
513,Americas_avg,Americas,540015735.0,19.93662513888889,2.555428571428573,1972,1977
514,Asia_avg,Asia,1224575964.0,21.303614793285913,4.55843578791884,1972,1977
515,Europe_avg,Europe,553056536.0,36.50289783819981,2.6933136560859294,1972,1977
516,Oceania_avg,Oceania,17334537.0,32.237011405833336,1.0558443909883364,1972,1977
517,Africa_avg,Africa,39106685.0,17.5571005,-0.49763566764242206,1973,1978
518,Americas_avg,Americas,550024363.0,20.42579350925926,2.2156411539102905,1973,1978
519,Asia_avg,Asia,1250474750.0,21.81803279005753,4.112809819173644,1973,1978
520,Europe_avg,Europe,555588568.0,37.908665924402065,2.2206332542826424,1973,1978
521,Oceania_avg,Oceania,17499117.0,33.72960115666667,0.3962212689990352,1973,1978
522,Africa_avg,Africa,40212696.0,17.88190375,-1.0837331007413864,1974,1979
523,Americas_avg,Americas,560268929.0,20.929066175925925,2.1499550681791524,1974,1979
524,Asia_avg,Asia,1276978446.0,22.70122394522156,4.722083644713102,1974,1979
525,Europe_avg,Europe,557968354.0,39.35191181352131,2.4653741474120405,1974,1979
526,Oceania_avg,Oceania,17663064.0,35.339404905833334,0.5719552720304666,1974,1979
527,Africa_avg,Africa,210621169.0,18.981838178681816,-9.868948695688122,1975,1980
528,Americas_avg,Americas,570642629.0,21.368919703703707,2.4528338724057797,1975,1980
529,Asia_avg,Asia,1445285459.0,23.694995001333336,3.0875375063824473,1975,1980
530,Europe_avg,Europe,560392576.0,40.53538215372777,2.9259328279247487,1975,1980
531,Oceania_avg,Oceania,17853495.0,36.646956699166665,0.8572127139364305,1975,1980
532,Africa_avg,Africa,216126480.0,19.96187773889628,-9.690406367825723,1976,1981
533,Americas_avg,Americas,580752948.0,21.87079011111111,1.8464938591229174,1976,1981
534,Asia_avg,Asia,1480461179.0,24.564348564044625,1.5195098529814333,1976,1981
535,Europe_avg,Europe,562745907.0,41.52431498089281,2.1513264407907906,1976,1981
536,Oceania_avg,Oceania,18090676.0,37.682507809166665,1.020251831282617,1976,1981
537,Africa_avg,Africa,241780128.0,21.08673735836926,-10.16650838873061,1977,1982
538,Americas_avg,Americas,590629468.0,23.185510787037035,0.33889769195809105,1977,1982
539,Asia_avg,Asia,2528196631.0,25.31819125453342,0.279165911381658,1977,1982
540,Europe_avg,Europe,564959404.0,42.620761564430644,1.7658748583563266,1977,1982
541,Oceania_avg,Oceania,18354169.0,38.9290878475,1.466758390251095,1977,1982
542,Africa_avg,Africa,248742785.0,22.565243093454175,-9.370412522473487,1978,1983
543,Americas_avg,Americas,600586479.0,24.267027657407407,-0.5269794756626256,1978,1983
544,Asia_avg,Asia,2577902672.0,25.290715176462385,0.2639364653808407,1978,1983
545,Europe_avg,Europe,567199051.0,43.85452709860843,1.4714906635170921,1978,1983
546,Oceania_avg,Oceania,18602910.0,40.419565695833334,1.2555312424021414,1978,1983
547,Africa_avg,Africa,255511699.0,24.360175554997266,-9.622286263208455,1979,1984
548,Americas_avg,Americas,610535027.0,25.00171439814815,-0.5225960464268486,1979,1984
549,Asia_avg,Asia,2626819656.0,25.261956742811805,0.23703482131186782,1979,1984
550,Europe_avg,Europe,569443065.0,44.72520839152875,1.327570337009476,1979,1984
551,Oceania_avg,Oceania,18829819.0,41.555443214166665,1.5969438287034832,1979,1984
552,Africa_avg,Africa,269645209.0,25.792608354785127,-0.25254019423814666,1980,1985
553,Americas_avg,Americas,620461950.0,25.718924462962963,-0.6673468441311492,1980,1985
554,Asia_avg,Asia,2679798523.0,25.808217764578433,1.705972590831859,1980,1985
555,Europe_avg,Europe,571676040.0,45.81456896047428,1.444991922541674,1980,1985
556,Oceania_avg,Oceania,19054045.0,42.09315116083333,1.9009213888823773,1980,1985
557,Africa_avg,Africa,277048014.0,26.84999229417707,0.04419114957942227,1981,1986
558,Americas_avg,Americas,630379916.0,26.241375546296297,-0.2745886950389065,1981,1986
559,Asia_avg,Asia,2732000256.0,26.004636947988487,3.1929695262775803,1981,1986
560,Europe_avg,Europe,574072096.0,46.829846940690366,2.0307876012313564,1981,1986
561,Oceania_avg,Oceania,19293972.0,42.54676226083333,1.5191891584102057,1981,1986
562,Africa_avg,Africa,285705032.0,27.47577144390043,1.983324748905484,1982,1987
563,Americas_avg,Americas,636370072.0,26.676665098166094,1.9704235744581355,1982,1987
564,Asia_avg,Asia,2785924149.0,25.840948668250334,5.222507668483618,1982,1987
565,Europe_avg,Europe,576698234.0,47.38603459294334,2.4259285029140987,1982,1987
566,Oceania_avg,Oceania,19558700.0,42.63110180416667,2.026232059880515,1982,1987
567,Africa_avg,Africa,298057977.0,28.116056701745947,-0.06886051546805882,1983,1988
568,Americas_avg,Americas,643780555.0,26.450622609794582,2.70137080525104,1983,1988
569,Asia_avg,Asia,2839932422.0,25.723676540328523,5.259371307642504,1983,1988
570,Europe_avg,Europe,579288469.0,47.629284935006545,2.7551022999855057,1983,1988
571,Oceania_avg,Oceania,19841906.0,42.21850543583333,2.2931918008784757,1983,1988
572,Africa_avg,Africa,312121309.0,28.579122172066988,0.8042061611374418,1984,1989
573,Americas_avg,Americas,654051855.0,26.117062131013224,2.1923990751888534,1984,1989
574,Asia_avg,Asia,2893570836.0,26.282226223368028,4.852455782249838,1984,1989
575,Europe_avg,Europe,581642026.0,47.62083239829326,2.774703243640757,1984,1989
576,Oceania_avg,Oceania,20130339.0,41.7223970575,1.6256114605171224,1984,1989
577,Africa_avg,Africa,416235877.0,28.784366720464376,5.422442311204918,1985,1990
578,Americas_avg,Americas,664900108.0,26.190736240465498,2.0611306388364836,1985,1990
579,Asia_avg,Asia,3003290482.0,27.76585690404852,5.528354506985411,1985,1990
580,Europe_avg,Europe,594187902.0,47.217833372644115,1.873136683749843,1985,1990
581,Oceania_avg,Oceania,20445390.0,41.30108304333333,1.0632239278908928,1985,1990
582,Africa_avg,Africa,466777772.0,29.298626638002645,5.591978922645029,1986,1991
583,Americas_avg,Americas,676105899.0,25.891107975784646,1.8562294728255235,1986,1991
584,Asia_avg,Asia,3075093111.0,28.667957721540194,6.691144805019822,1986,1991
585,Europe_avg,Europe,596191928.0,46.45814822500669,1.4039168375654398,1986,1991
586,Oceania_avg,Oceania,20752698.0,41.750509207499995,0.316329381879763,1986,1991
587,Africa_avg,Africa,494807289.0,29.659437168352238,4.423107685486665,1987,1992
588,Americas_avg,Americas,687355086.0,25.82044209651059,1.1589913091059412,1987,1992
589,Asia_avg,Asia,3145601474.0,28.975130223818542,6.253648810291326,1987,1992
590,Europe_avg,Europe,598035008.0,46.02323373387847,0.9885578392943328,1987,1992
591,Oceania_avg,Oceania,20995068.0,42.17732244,0.2245704903040746,1987,1992
592,Africa_avg,Africa,507661600.0,30.069848214549676,4.716179725755709,1988,1993
593,Americas_avg,Americas,698578520.0,25.72137788158661,1.4077976550724358,1988,1993
594,Asia_avg,Asia,3192861082.0,29.250048935435515,6.5988627075884,1988,1993
595,Europe_avg,Europe,610098177.0,45.726032755283626,-0.06983652775033544,1988,1993
596,Oceania_avg,Oceania,21205253.0,42.428996625,0.7372764961825773,1988,1993
597,Africa_avg,Africa,347228338.0,30.272214941708963,6.581450359507368,1989,1994
598,Americas_avg,Americas,709700258.0,25.438342768369015,2.0530192999032115,1989,1994
599,Asia_avg,Asia,3237660916.0,29.46109289976734,6.327735638607592,1989,1994
600,Europe_avg,Europe,611260051.0,45.34357452131502,0.04126806461389965,1989,1994
601,Oceania_avg,Oceania,21426399.0,42.480879945,1.3761881488063965,1989,1994
602,Africa_avg,Africa,371975834.0,29.823608700448833,1.8274681067186105,1990,1995
603,Americas_avg,Americas,720671401.0,25.357493595651245,2.3477225094120246,1990,1995
604,Asia_avg,Asia,3320708173.0,29.469577228927236,6.9042800548593775,1990,1995
605,Europe_avg,Europe,649076025.0,46.053761770086254,-1.2759056010269187,1990,1995
606,Oceania_avg,Oceania,21676901.0,42.21337718833333,2.1353787355153475,1990,1995
607,Africa_avg,Africa,425890104.0,29.333180570063913,1.8115103569691993,1991,1996
608,Americas_avg,Americas,731475496.0,25.35340452486999,2.519702824991401,1991,1996
609,Asia_avg,Asia,3382361393.0,28.492550816016514,4.531463401315778,1991,1996
610,Europe_avg,Europe,649548353.0,46.851256093487564,-0.7810024907668001,1991,1996
611,Oceania_avg,Oceania,21940310.0,41.3960870875,3.3652945151797864,1991,1996
612,Africa_avg,Africa,473443738.0,28.60759582914731,3.5438105556698662,1992,1997
613,Americas_avg,Americas,750201857.0,25.794627650661962,1.6024138899362228,1992,1997
614,Asia_avg,Asia,3426698611.0,27.376078150728805,3.495916340186769,1992,1997
615,Europe_avg,Europe,708802091.0,47.16743419118439,-1.3681990510881392,1992,1997
616,Oceania_avg,Oceania,22186107.0,39.92842253,3.7024803981186194,1992,1997
617,Africa_avg,Africa,484910849.0,27.99980333350491,4.372094127647808,1993,1998
618,Americas_avg,Americas,761089104.0,26.11346572438046,1.6287462885424686,1993,1998
619,Asia_avg,Asia,3601059909.0,27.224704092117847,0.6569170755027542,1993,1998
620,Europe_avg,Europe,717411406.0,47.34578358064698,-1.2569510925014615,1993,1998
621,Oceania_avg,Oceania,22411713.0,38.514967589166666,3.4356202365420385,1993,1998
622,Africa_avg,Africa,496772175.0,27.34614939081726,2.903888852186345,1994,1999
623,Americas_avg,Americas,773099373.0,26.559942720456082,1.7239452665417332,1994,1999
624,Asia_avg,Asia,3651795061.0,27.12532297015537,2.2979681723619994,1994,1999
625,Europe_avg,Europe,717352457.0,47.2648540691393,-1.1247461184359686,1994,1999
626,Oceania_avg,Oceania,22634388.0,37.36820309916667,3.2115713396275813,1994,1999
627,Africa_avg,Africa,705608799.0,26.56042251279693,2.301397932598932,1995,2000
628,Americas_avg,Americas,783551713.0,27.165254472668973,1.9788798696708287,1995,2000
629,Asia_avg,Asia,3751853256.0,27.101108765291443,0.03128583422651765,1995,2000
630,Europe_avg,Europe,728910067.0,47.11412298370939,0.7553710122566404,1995,2000
631,Oceania_avg,Oceania,22873234.0,36.518785792500005,3.30043236500432,1995,2000
632,Africa_avg,Africa,723555972.0,26.342622390133368,3.397593956076972,1996,2001
633,Americas_avg,Americas,793739688.0,27.943419942754844,1.562386801884701,1996,2001
634,Asia_avg,Asia,3801253991.0,27.439900172742412,0.527962178629604,1996,2001
635,Europe_avg,Europe,728827178.0,46.044927999163995,0.7420577949990514,1996,2001
636,Oceania_avg,Oceania,23137733.0,35.7259568025,2.990130270356679,1996,2001
637,Africa_avg,Africa,828701749.0,26.55397522179781,3.23322896955343,1997,2002
638,Americas_avg,Americas,803583444.0,28.70379252237817,1.8374277153128427,1997,2002
639,Asia_avg,Asia,3848790309.0,27.890374783501823,1.318599165579637,1997,2002
640,Europe_avg,Europe,734015562.0,45.33712841598773,1.224247728278458,1997,2002
641,Oceania_avg,Oceania,23424424.0,35.11334958416666,3.112307031058781,1997,2002
642,Africa_avg,Africa,849558916.0,26.922406870174953,3.2523162951999574,1998,2003
643,Americas_avg,Americas,813089929.0,29.335829599512675,1.8259440557185869,1998,2003
644,Asia_avg,Asia,3917721730.0,28.158487141942643,3.663623870036239,1998,2003
645,Europe_avg,Europe,734503950.0,45.2223506925248,2.2697928725952776,1998,2003
646,Oceania_avg,Oceania,23718948.0,34.736457445,3.108652515105268,1998,2003
647,Africa_avg,Africa,871084008.0,27.084082680737335,3.9920558780370685,1999,2004
648,Americas_avg,Americas,822561248.0,29.73786950017544,2.100252392554296,1999,2004
649,Asia_avg,Asia,3992912796.0,28.267924002151414,2.95280596679107,1999,2004
650,Europe_avg,Europe,735247408.0,44.8011631102828,2.4718938553668224,1999,2004
651,Oceania_avg,Oceania,24006475.0,34.27333951166667,3.020383655797003,1999,2004
652,Africa_avg,Africa,905571154.0,27.2073664691688,6.189395876982098,2000,2005
653,Americas_avg,Americas,832039882.0,29.93838012429825,2.437156352105352,2000,2005
654,Asia_avg,Asia,4040822288.0,28.17673338391529,5.042241368487583,2000,2005
655,Europe_avg,Europe,736046252.0,44.504153776727584,3.1203041779224394,2000,2005
656,Oceania_avg,Oceania,24304514.0,33.948310785833336,2.7586854079627976,2000,2005
657,Africa_avg,Africa,928650567.0,27.407292278668873,5.708759178566809,2001,2006
658,Americas_avg,Americas,841408720.0,30.16951691026316,3.5221975632951352,2001,2006
659,Asia_avg,Asia,4088771474.0,28.093874392458556,6.054495667242641,2001,2006
660,Europe_avg,Europe,736973534.0,44.442126266169595,3.5525570534568374,2001,2006
661,Oceania_avg,Oceania,24647018.0,33.7090701425,2.7951090656268285,2001,2006
662,Africa_avg,Africa,952569647.0,27.590686099614704,6.342716845359093,2002,2007
663,Americas_avg,Americas,850733425.0,30.141518374035087,4.439440144173017,2002,2007
664,Asia_avg,Asia,4136493577.0,27.957878620203957,6.265106318940483,2002,2007
665,Europe_avg,Europe,738540044.0,44.2747474704386,4.782533794389017,2002,2007
666,Oceania_avg,Oceania,25052327.0,33.58159952916667,2.7569261146453394,2002,2007
667,Africa_avg,Africa,977243677.0,27.859251786107123,6.897055254805848,2003,2008
668,Americas_avg,Americas,859900462.0,29.93032095982456,4.4068587486335,2003,2008
669,Asia_avg,Asia,4184319275.0,27.922950374215898,6.249891842392237,2003,2008
670,Europe_avg,Europe,740439535.0,44.37325913127193,4.447219243006768,2003,2008
671,Oceania_avg,Oceania,25508111.0,33.91972893083334,2.183139246183292,2003,2008
672,Africa_avg,Africa,1002664669.0,28.48665764847732,5.611361980670484,2004,2009
673,Americas_avg,Americas,868890254.0,30.286805447280702,2.64823829561994,2004,2009
674,Asia_avg,Asia,4232919229.0,28.376336595821233,4.639193953452994,2004,2009
675,Europe_avg,Europe,742122126.0,45.026746180833335,2.2938146809961513,2004,2009
676,Oceania_avg,Oceania,25963782.0,34.49339830416667,1.4782368876113239,2004,2009
677,Africa_avg,Africa,1028824326.0,28.980641819774508,5.2575889044463375,2005,2010
678,Americas_avg,Americas,877823192.0,30.78904484903509,2.603378570969621,2005,2010
679,Asia_avg,Asia,4281741573.0,28.556232278905394,4.982583631085404,2005,2010
680,Europe_avg,Europe,743529998.0,45.75072019732456,1.9106492479966608,2005,2010
681,Oceania_avg,Oceania,26365511.0,35.181554365833335,1.3333260731708263,2005,2010
682,Africa_avg,Africa,1055459896.0,29.62861928949673,3.385109634458492,2006,2011
683,Americas_avg,Americas,886926570.0,31.16412982307018,2.202587583290585,2006,2011
684,Asia_avg,Asia,4307827524.0,28.892391540713366,5.202480319328799,2006,2011
685,Europe_avg,Europe,744848995.0,46.1013182125,1.314028666194762,2006,2011
686,Oceania_avg,Oceania,26738306.0,35.64845522583334,1.2905135212827679,2006,2011
687,Africa_avg,Africa,288793618.0,30.03775202730284,6.508981284843913,2007,2012
688,Americas_avg,Americas,831373402.0,31.83998981194578,9.558522568900202,2007,2012
689,Asia_avg,Asia,3902600999.0,28.53521228658605,0.14171059601403968,2007,2012
690,Europe_avg,Europe,613646233.0,47.24409287368974,7.380767891787223,2007,2012
691,Oceania_avg,Oceania,22729272.0,36.376602836399734,4.820024652977297,2007,2012
692,Africa_avg,Africa,295080094.0,30.347297615552936,5.273756159416152,2008,2013
693,Americas_avg,Americas,839464274.0,32.622111195278976,9.355771405854302,2008,2013
694,Asia_avg,Asia,3943355177.0,28.139361890025516,-0.0316841629839848,2008,2013
695,Europe_avg,Europe,615165154.0,48.413719925911096,6.965917656886478,2008,2013
696,Oceania_avg,Oceania,23111788.0,37.235877962657035,4.918030703841216,2008,2013
697,Africa_avg,Africa,301513316.0,30.544433316828556,5.258367024470858,2009,2014
698,Americas_avg,Americas,847390436.0,33.351659354422594,10.370521835226047,2009,2014
699,Asia_avg,Asia,3983282355.0,27.64620977494575,0.5656639297843835,2009,2014
700,Europe_avg,Europe,616626656.0,49.311958104252255,8.621036706967345,2009,2014
701,Oceania_avg,Oceania,23469578.0,37.852114060693644,5.160214779265422,2009,2014
702,Africa_avg,Africa,410766342.0,29.995581453408292,2.1947382626513656,2010,2015
703,Americas_avg,Americas,855166500.0,33.68753961878355,9.287241823461422,2010,2015
704,Asia_avg,Asia,4175042131.0,26.761697934805795,1.8063737109040012,2010,2015
705,Europe_avg,Europe,626790022.0,49.679923364209,8.471275451656846,2010,2015
706,Oceania_avg,Oceania,23820240.0,38.363648941435734,5.015111452343484,2010,2015
707,Africa_avg,Africa,314611070.0,29.94065872477174,5.663419947038846,2011,2016
708,Americas_avg,Americas,862954864.0,34.03980826811966,8.041270677848736,2011,2016
709,Asia_avg,Asia,4059697201.0,26.234762067233547,-1.2314755479893935,2011,2016
710,Europe_avg,Europe,619747996.0,50.109030434615555,8.14333480363966,2011,2016
711,Oceania_avg,Oceania,24195706.0,38.95871794414283,4.90127102277814,2011,2016
712,Africa_avg,Africa,320674222.0,29.856927197966186,1.364769418213272,2012,2017
713,Americas_avg,Americas,870633576.0,34.48492233406443,0.26063166591396847,2012,2017
714,Asia_avg,Asia,4096523232.0,25.755629162195365,2.998131667730788,2012,2017
715,Europe_avg,Europe,621299189.0,50.950822006564245,1.3698818702671822,2012,2017
716,Oceania_avg,Oceania,24590336.0,39.92749379820355,0.8318701638192971,2012,2017
717,Africa_avg,Africa,327147544.0,29.993310306156527,1.1890162368742363,2013,2018
718,Americas_avg,Americas,877777358.0,34.59774128664242,-0.017496281132582947,2013,2018
719,Asia_avg,Asia,4130547011.0,26.031542360442902,2.952475487845909,2013,2018
720,Europe_avg,Europe,622661488.0,51.02511227769662,1.7624214345008449,2013,2018
721,Oceania_avg,Oceania,24979228.0,40.70977930386255,0.9959316732356216,2013,2018
722,Africa_avg,Africa,333691178.0,30.085830366944805,1.0528090161531134,2014,2019
723,Americas_avg,Americas,884479410.0,34.668679481432946,-0.3000143702351421,2014,2019
724,Asia_avg,Asia,4161495840.0,26.33173641143441,2.6900360022303405,2014,2019
725,Europe_avg,Europe,623968926.0,51.02418882144607,1.7313869733800225,2014,2019
726,Oceania_avg,Oceania,25357168.0,41.560621541088175,0.8631019640553372,2014,2019
