,Region,Year,Population,GDP per capita (OWiD),Government Expenditure (IMF & Wiki),Country
0,Africa,1913,6397751.0,981.6684081551132,18.81766,Africa_avg
1,Africa,1914,6501260.0,1139.5398109777714,25.63031,Africa_avg
2,Africa,1915,6606440.0,1385.4106489734609,27.1596,Africa_avg
3,Africa,1916,6713319.0,1586.403773797384,19.04958,Africa_avg
4,Africa,1917,6821924.0,1742.885254158436,19.24267,Africa_avg
5,Africa,1918,6927689.0,1854.0,19.67305,Africa_avg
6,Africa,1919,7042968.0,1920.2370326697976,18.39842,Africa_avg
7,Africa,1920,7168076.0,1941.596352167829,21.2115,Africa_avg
8,Africa,1921,7303334.0,1917.9519754562264,23.43378,Africa_avg
9,Africa,1922,7449070.0,1900.552512492401,24.0046,Africa_avg
10,Africa,1923,7605625.0,1940.2351873403256,22.18445,Africa_avg
11,Africa,1924,7765470.0,2037.0,21.22802,Africa_avg
12,Africa,1925,7928675.0,2171.0,21.30355,Africa_avg
13,Africa,1926,8095309.0,2228.0,21.56393,Africa_avg
14,Africa,1927,8265446.0,2271.0,20.74831,Africa_avg
15,Africa,1928,8439158.0,2444.0,20.16967,Africa_avg
16,Africa,1929,8615057.0,2386.0,20.64104,Africa_avg
17,Africa,1930,8793161.0,2252.0,22.95828,Africa_avg
18,Africa,1931,8973484.0,2128.0,24.47886,Africa_avg
19,Africa,1932,9156043.0,2047.0,24.83259,Africa_avg
20,Africa,1933,9340853.0,2268.0,25.7702,Africa_avg
21,Africa,1934,9529394.0,2514.0,23.72051,Africa_avg
22,Africa,1935,9721741.0,2785.0,21.58426,Africa_avg
23,Africa,1936,9917969.0,3048.0,20.13558,Africa_avg
24,Africa,1937,10118159.0,3249.0,18.67563,Africa_avg
25,Africa,1938,10322389.0,3118.0,19.88863,Africa_avg
26,Africa,1939,10528607.0,3272.0,20.44624,Africa_avg
27,Africa,1940,10736810.0,3419.0,30.71529,Africa_avg
28,Africa,1941,10946998.0,3510.0,28.74793,Africa_avg
29,Africa,1942,11159168.0,3548.0,31.45151,Africa_avg
30,Africa,1943,11373317.0,3558.0,31.98489,Africa_avg
31,Africa,1944,11591575.0,3610.0,32.05846,Africa_avg
32,Africa,1945,11814022.0,3631.0,30.88708,Africa_avg
33,Africa,1946,12040737.0,3684.0,27.3623,Africa_avg
34,Africa,1947,12271803.0,3647.0,24.66137,Africa_avg
35,Africa,1948,12507304.0,3848.0,25.79843,Africa_avg
36,Africa,1949,12764367.0,3819.0,24.96829,Africa_avg
37,Africa,1950,13043843.0,4041.0,20.26524,Africa_avg
38,Africa,1951,13325058.0,4130.0,19.373017,Africa_avg
39,Africa,1952,13622914.0,4175.0,22.443552,Africa_avg
40,Africa,1953,13933250.0,4264.0,22.123979,Africa_avg
41,Africa,1954,14255876.0,4404.0,19.51706,Africa_avg
42,Africa,1955,14594134.0,4511.0,19.413497,Africa_avg
43,Africa,1956,14948935.0,4645.0,17.960699,Africa_avg
44,Africa,1957,15320140.0,4704.0,18.787656,Africa_avg
45,Africa,1958,15700877.0,4685.0,19.703532,Africa_avg
46,Africa,1959,16096459.0,4774.0,19.20192,Africa_avg
47,Africa,1960,16520438.0,4847.0,17.330906,Africa_avg
48,Africa,1961,16989468.0,4929.0,16.443173,Africa_avg
49,Africa,1962,24784330.0,3662.0,14.693067,Africa_avg
50,Africa,1963,25500466.0,3782.0,16.091616000000002,Africa_avg
51,Africa,1964,26243302.0,3876.5,14.064455,Africa_avg
52,Africa,1965,27014926.0,3946.5,16.833517999999998,Africa_avg
53,Africa,1966,27809432.0,3960.0,14.3770065,Africa_avg
54,Africa,1967,28626775.0,4063.5,15.9916885,Africa_avg
55,Africa,1968,29468692.0,4094.0,16.4893875,Africa_avg
56,Africa,1969,30334067.0,4201.0,15.9775695,Africa_avg
57,Africa,1970,31230203.0,4359.0,17.189459,Africa_avg
58,Africa,1971,32140329.0,4484.0,16.778886,Africa_avg
59,Africa,1972,33064462.0,4392.5,18.30055,Africa_avg
60,Africa,1973,34019721.0,4441.0,16.306685,Africa_avg
61,Africa,1974,34996000.0,4586.0,15.3884005,Africa_avg
62,Africa,1975,35987813.0,4398.0,18.22502,Africa_avg
63,Africa,1976,36989306.0,4340.0,18.9891315,Africa_avg
64,Africa,1977,38025342.0,4252.5,19.3718595,Africa_avg
65,Africa,1978,39106685.0,4330.5,17.0615065,Africa_avg
66,Africa,1979,40212696.0,4337.5,18.2555045,Africa_avg
67,Africa,1980,210621169.0,2227.818181818182,21.98800707209091,Africa_avg
68,Africa,1981,216126480.0,2237.181818181818,24.105257361286785,Africa_avg
69,Africa,1982,241780128.0,2090.846153846154,25.738289216837853,Africa_avg
70,Africa,1983,248742785.0,2301.5714285714284,28.242893910509515,Africa_avg
71,Africa,1984,255511699.0,2250.6666666666665,27.831101269258536,Africa_avg
72,Africa,1985,269645209.0,2199.6875,26.85010129872715,Africa_avg
73,Africa,1986,277048014.0,2242.125,28.332310708442574,Africa_avg
74,Africa,1987,285705032.0,2298.1875,27.85993225962698,Africa_avg
75,Africa,1988,298057977.0,2293.6470588235293,29.58000076391093,Africa_avg
76,Africa,1989,312121309.0,2341.1666666666665,31.02128673243577,Africa_avg
77,Africa,1990,416235877.0,2796.0714285714284,29.06256855964286,Africa_avg
78,Africa,1991,466777772.0,2869.0207870967743,29.935660803956768,Africa_avg
79,Africa,1992,494807289.0,2806.4440396969694,30.4971738905401,Africa_avg
80,Africa,1993,507661600.0,2834.5096466666664,30.32239853681161,Africa_avg
81,Africa,1994,347228338.0,3111.5802766666666,30.794201126866668,Africa_avg
82,Africa,1995,371975834.0,3051.5579965624997,28.329649284875,Africa_avg
83,Africa,1996,425890104.0,3128.8838306060607,26.119999777333334,Africa_avg
84,Africa,1997,473443738.0,3303.719340285714,25.582152358457144,Africa_avg
85,Africa,1998,484910849.0,3454.146795714286,26.85041891668571,Africa_avg
86,Africa,1999,496772175.0,3563.3644405714285,26.400474880685714,Africa_avg
87,Africa,2000,705608799.0,3402.7004597872337,26.07983985874468,Africa_avg
88,Africa,2001,723555972.0,3660.417670212766,27.022848548893617,Africa_avg
89,Africa,2002,828701749.0,3837.8033941999997,27.38811676732,Africa_avg
90,Africa,2003,849558916.0,4015.8456912,27.79274224872,Africa_avg
91,Africa,2004,871084008.0,4274.6219386,27.820473780060002,Africa_avg
92,Africa,2005,905571154.0,4455.733469607843,27.14017761127451,Africa_avg
93,Africa,2006,928650567.0,4705.239818823529,27.2793947157451,Africa_avg
94,Africa,2007,952569647.0,5054.908406078432,28.123211474568627,Africa_avg
95,Africa,2008,977243677.0,5400.72117254902,28.99951088627451,Africa_avg
96,Africa,2009,1002664669.0,5473.944490000001,31.557177422941177,Africa_avg
97,Africa,2010,1028824326.0,5627.054212156862,30.78437880784314,Africa_avg
98,Africa,2011,1055459896.0,5501.6274509803925,31.02804242960784,Africa_avg
99,Africa,2012,288793618.0,6700.023616666666,29.734191142581732,Africa_avg
100,Africa,2013,295080094.0,6824.8255,29.980485004069234,Africa_avg
101,Africa,2014,301513316.0,6913.144949999999,30.1823250939282,Africa_avg
102,Africa,2015,410766342.0,6244.549771428572,28.2640662424196,Africa_avg
103,Africa,2016,314611070.0,7059.528783333334,30.454842436023853,Africa_avg
104,Africa,2017,320674222.0,7157.222983333333,30.5256532687745,Africa_avg
105,Africa,2018,327147544.0,7230.566916666667,30.552489791723758,Africa_avg
106,Africa,2019,333691178.0,7277.056016666666,30.535605368798926,Africa_avg
107,Africa,2020,340299466.0,6849.221716666667,30.474999999999998,Africa_avg
108,Americas,1850,25008647.0,2491.91,3.5949999999999998,Americas_avg
109,Americas,1851,25744660.0,2585.1892,3.8825951946896478,Americas_avg
110,Americas,1852,26501584.0,2687.60925,4.152106120285612,Americas_avg
111,Americas,1853,27280024.0,2803.24,4.404196776100178,Americas_avg
112,Americas,1854,28081528.0,2820.52515,4.637489617566052,Americas_avg
113,Americas,1855,28906786.0,2793.24365,4.852698189938242,Americas_avg
114,Americas,1856,29756504.0,2837.3113,5.04982249321675,Americas_avg
115,Americas,1857,30631411.0,2809.17235,5.229328207200661,Americas_avg
116,Americas,1858,31532258.0,2844.9573,5.390234426349078,Americas_avg
117,Americas,1859,32416542.0,2923.88085,5.533056376403812,Americas_avg
118,Americas,1860,33282773.0,2994.94725,5.657794057364863,Americas_avg
119,Americas,1861,34129395.0,2943.45115,5.764714829518118,Americas_avg
120,Americas,1862,34954781.0,2999.9453,5.853234426349078,Americas_avg
121,Americas,1863,35757229.0,3164.7895,5.923669754086355,Americas_avg
122,Americas,1864,36578153.0,3278.06835,5.976020812729949,Americas_avg
123,Americas,1865,37417976.0,3173.5795,6.010356643052548,Americas_avg
124,Americas,1866,38277135.0,3174.9385,6.026489617566053,Americas_avg
125,Americas,1867,39156076.0,3208.7888,6.024538322985872,Americas_avg
126,Americas,1868,40055256.0,3264.9287,6.004502759312009,Americas_avg
127,Americas,1869,40968437.0,3396.066,5.9662536478039545,Americas_avg
128,Americas,1870,47450276.0,2928.250375,6.33,Americas_avg
129,Americas,1871,48499375.0,2989.4520647323043,6.366177899997002,Americas_avg
130,Americas,1872,49567837.0,3025.9878268345637,6.384238156002054,Americas_avg
131,Americas,1873,50655957.0,3160.802666309254,6.384155724100988,Americas_avg
132,Americas,1874,51768426.0,3120.8820166696655,6.365931054741347,Americas_avg
133,Americas,1875,52905795.0,3151.2794249999997,6.329588741389759,Americas_avg
134,Americas,1876,54068637.0,3066.20925,6.294677759714583,Americas_avg
135,Americas,1877,55257528.0,3144.922375,6.280737738040312,Americas_avg
136,Americas,1878,56473067.0,3094.991575,6.287844851348771,Americas_avg
137,Americas,1879,57712965.0,3352.9445,6.315932272002001,Americas_avg
138,Americas,1880,70812319.0,3036.7459000000003,10.836783800000001,Americas_avg
139,Americas,1881,72325495.0,3133.2877,12.452276800000002,Americas_avg
140,Americas,1882,73868948.0,3362.9691399999997,13.4734982,Americas_avg
141,Americas,1883,75443356.0,3401.8262600000003,13.528552600000001,Americas_avg
142,Americas,1884,77052287.0,3480.6268599999994,14.8464358,Americas_avg
143,Americas,1885,78696515.0,3446.8286,13.846172200000002,Americas_avg
144,Americas,1886,80376836.0,3452.94208,13.1499528,Americas_avg
145,Americas,1887,82094058.0,3527.3966800000003,12.9698532,Americas_avg
146,Americas,1888,83849012.0,3569.0568,12.117179400000001,Americas_avg
147,Americas,1889,85607014.0,3652.3379,14.897728599999999,Americas_avg
148,Americas,1890,87367581.0,3659.31006,13.3292612,Americas_avg
149,Americas,1891,89130203.0,3694.4218,10.557279,Americas_avg
150,Americas,1892,90894358.0,3871.6126000000004,9.8709782,Americas_avg
151,Americas,1893,92659499.0,3779.4498999999996,8.8878626,Americas_avg
152,Americas,1894,94460485.0,3832.6556599999994,9.4623736,Americas_avg
153,Americas,1895,96298078.0,4126.70126,9.772025600000001,Americas_avg
154,Americas,1896,98173057.0,4108.534799999999,10.822433,Americas_avg
155,Americas,1897,100086223.0,4004.2684,9.9210702,Americas_avg
156,Americas,1898,102038390.0,4163.3822,14.137305799999998,Americas_avg
157,Americas,1899,104053220.0,4440.02988,10.0226356,Americas_avg
158,Americas,1900,123050613.0,3489.510185714286,8.553895857142857,Americas_avg
159,Americas,1901,125387325.0,3680.051857142857,8.395169285714285,Americas_avg
160,Americas,1902,127783649.0,3693.3182857142856,7.855242428571429,Americas_avg
161,Americas,1903,130241311.0,3796.4782857142854,8.227747571428571,Americas_avg
162,Americas,1904,132750144.0,3833.3797142857143,8.738393,Americas_avg
163,Americas,1905,139768772.0,3669.4165000000003,8.057478,Americas_avg
164,Americas,1906,142474768.0,3880.8891249999997,7.8324571249999995,Americas_avg
165,Americas,1907,145237367.0,3914.318,8.67312825,Americas_avg
166,Americas,1908,148057853.0,3796.9970000000003,8.2701285,Americas_avg
167,Americas,1909,150786513.0,3983.6397500000003,7.995220875,Americas_avg
168,Americas,1910,153419904.0,4091.347875,7.6173508750000005,Americas_avg
169,Americas,1911,155954477.0,4122.86125,7.6126745,Americas_avg
170,Americas,1912,158386555.0,4260.695874999999,7.891460875,Americas_avg
171,Americas,1913,160712363.0,4265.74625,7.979250625000001,Americas_avg
172,Americas,1914,163078702.0,3855.5465,8.408068983628382,Americas_avg
173,Americas,1915,165486320.0,3880.147125,7.731815353791132,Americas_avg
174,Americas,1916,167935982.0,4207.79,7.723630105714599,Americas_avg
175,Americas,1917,170428469.0,4151.50975,7.479117,Americas_avg
176,Americas,1918,173011208.0,4266.78825,9.811226375,Americas_avg
177,Americas,1919,175694491.0,4140.3475,10.14320025,Americas_avg
178,Americas,1920,181735850.0,3938.769666666666,7.801405555555555,Americas_avg
179,Americas,1921,184653550.0,3743.2090000000003,8.484775666666668,Americas_avg
180,Americas,1922,187679920.0,3947.079444444444,8.086012,Americas_avg
181,Americas,1923,190816977.0,4263.582555555556,7.389017555555556,Americas_avg
182,Americas,1924,194009632.0,4350.412555555556,7.052735,Americas_avg
183,Americas,1925,197258940.0,4433.308,7.604334555555555,Americas_avg
184,Americas,1926,200565983.0,4573.307555555555,7.955015555555556,Americas_avg
185,Americas,1927,204878175.0,4394.3396999999995,7.859193,Americas_avg
186,Americas,1928,208330620.0,4661.5069,8.082459,Americas_avg
187,Americas,1929,211617133.0,4724.2235,8.0681859,Americas_avg
188,Americas,1930,214732940.0,4365.198200000001,8.9781234,Americas_avg
189,Americas,1931,217673150.0,3970.6964,9.5508875,Americas_avg
190,Americas,1932,220432764.0,3541.9504,10.3546131,Americas_avg
191,Americas,1933,223006660.0,3612.8224600000003,10.1388717,Americas_avg
192,Americas,1934,225617397.0,3869.9092000000005,9.5017316,Americas_avg
193,Americas,1935,228265578.0,4158.4839,9.523867599999999,Americas_avg
194,Americas,1936,230951826.0,4350.0013,9.6412502,Americas_avg
195,Americas,1937,233676769.0,4555.3099,9.3436834,Americas_avg
196,Americas,1938,236441049.0,4544.8134,9.6646136,Americas_avg
197,Americas,1939,239592245.0,4701.2448,10.240984000000001,Americas_avg
198,Americas,1940,243142414.0,4916.0095,10.709642800000001,Americas_avg
199,Americas,1941,247103954.0,5194.2401,11.355216799999999,Americas_avg
200,Americas,1942,251489626.0,5382.886100000001,14.4373736,Americas_avg
201,Americas,1943,256312554.0,5581.2218,17.0147463,Americas_avg
202,Americas,1944,261239308.0,5850.8328,16.951071,Americas_avg
203,Americas,1945,269322702.0,5523.959363636363,15.923858090909091,Americas_avg
204,Americas,1946,275280840.0,5332.705583333333,12.744633083333333,Americas_avg
205,Americas,1947,280590656.0,5315.71225,11.562398666666667,Americas_avg
206,Americas,1948,286015621.0,5533.769333333334,11.234531833333333,Americas_avg
207,Americas,1949,291756752.0,5489.6393333333335,11.7990635,Americas_avg
208,Americas,1950,300049471.0,5481.0,12.62019623076923,Americas_avg
209,Americas,1951,306500360.0,5696.153846153846,12.537307846153848,Americas_avg
210,Americas,1952,313144557.0,5794.692307692308,13.193004846153846,Americas_avg
211,Americas,1953,323506343.0,5608.357142857143,12.787228285714287,Americas_avg
212,Americas,1954,330897330.0,5607.142857142857,12.820117071428571,Americas_avg
213,Americas,1955,340975889.0,6000.2,12.833244466666667,Americas_avg
214,Americas,1956,350060930.0,5971.6875,13.12154325,Americas_avg
215,Americas,1957,358197350.0,6098.4375,13.0943764375,Americas_avg
216,Americas,1958,366756450.0,6092.25,14.341483437499999,Americas_avg
217,Americas,1959,375421170.0,6098.875,14.657063625000001,Americas_avg
218,Americas,1960,385744263.0,6089.882352941177,14.55151405882353,Americas_avg
219,Americas,1961,390533993.0,6479.375,15.7441115,Americas_avg
220,Americas,1962,399292050.0,6676.5625,16.5768851875,Americas_avg
221,Americas,1963,412208712.0,6521.529411764706,16.195909999999998,Americas_avg
222,Americas,1964,416899055.0,7105.25,16.579737125,Americas_avg
223,Americas,1965,429887872.0,6995.470588235294,15.692313882352941,Americas_avg
224,Americas,1966,438441606.0,7228.117647058823,16.33645682352941,Americas_avg
225,Americas,1967,449099771.0,7053.5,16.44786661111111,Americas_avg
226,Americas,1968,457591198.0,7234.277777777777,16.666811555555554,Americas_avg
227,Americas,1969,466266486.0,7454.888888888889,17.119945055555558,Americas_avg
228,Americas,1970,475449379.0,7623.277777777777,17.466734944444443,Americas_avg
229,Americas,1971,484872784.0,7830.166666666667,18.149317166666666,Americas_avg
230,Americas,1972,494040893.0,8020.833333333333,19.040911277777777,Americas_avg
231,Americas,1973,503032713.0,8329.166666666666,18.48860811111111,Americas_avg
232,Americas,1974,512056813.0,8531.444444444445,19.89717561111111,Americas_avg
233,Americas,1975,521221174.0,8536.611111111111,20.917796111111112,Americas_avg
234,Americas,1976,530456893.0,8798.055555555555,20.173086333333334,Americas_avg
235,Americas,1977,540015735.0,9045.666666666666,21.102173388888886,Americas_avg
236,Americas,1978,550024363.0,9251.888888888889,21.975921500000002,Americas_avg
237,Americas,1979,560268929.0,9448.555555555555,21.50824411111111,Americas_avg
238,Americas,1980,570642629.0,9583.555555555555,22.53629677777778,Americas_avg
239,Americas,1981,580752948.0,9610.333333333334,23.929018555555555,Americas_avg
240,Americas,1982,590629468.0,9198.944444444445,28.061410388888888,Americas_avg
241,Americas,1983,600586479.0,9008.111111111111,27.59127461111111,Americas_avg
242,Americas,1984,610535027.0,9201.666666666666,26.384041944444444,Americas_avg
243,Americas,1985,620461950.0,9263.777777777777,25.811504499999998,Americas_avg
244,Americas,1986,630379916.0,9478.388888888889,25.67100327777778,Americas_avg
245,Americas,1987,636370072.0,10105.235294117647,26.540755866774326,Americas_avg
246,Americas,1988,643780555.0,10224.823529411764,26.705155458659835,Americas_avg
247,Americas,1989,654051855.0,10210.35294117647,25.589911738422952,Americas_avg
248,Americas,1990,664900108.0,10218.470588235294,26.826086601158107,Americas_avg
249,Americas,1991,676105899.0,10358.092129411765,24.013734911914867,Americas_avg
250,Americas,1992,687355086.0,10690.829288235294,25.247008002133438,Americas_avg
251,Americas,1993,698578520.0,10944.54765882353,25.946370577230468,Americas_avg
252,Americas,1994,709700258.0,11258.455523529412,25.00694477935426,Americas_avg
253,Americas,1995,720671401.0,11417.97725882353,25.10481670211633,Americas_avg
254,Americas,1996,731475496.0,11663.057829411766,26.80155217647059,Americas_avg
255,Americas,1997,750201857.0,11547.385955555555,26.661073666666667,Americas_avg
256,Americas,1998,761089104.0,11835.842227777779,27.160036444444444,Americas_avg
257,Americas,1999,773099373.0,12228.90357894737,28.625232553684214,Americas_avg
258,Americas,2000,783551713.0,12547.71752631579,28.63881529263158,Americas_avg
259,Americas,2001,793739688.0,12574.168210526315,29.77380952263158,Americas_avg
260,Americas,2002,803583444.0,12608.260305263158,31.363787654210526,Americas_avg
261,Americas,2003,813089929.0,12916.421515789472,30.453296129473685,Americas_avg
262,Americas,2004,822561248.0,13513.092778947368,29.572275848421054,Americas_avg
263,Americas,2005,832039882.0,14076.755,29.828296298421055,Americas_avg
264,Americas,2006,841408720.0,14788.603442105263,30.025636008421053,Americas_avg
265,Americas,2007,850733425.0,15406.941152631578,29.60581830526316,Americas_avg
266,Americas,2008,859900462.0,15762.463773684212,30.09660316894737,Americas_avg
267,Americas,2009,868890254.0,15302.387268421053,32.59220305421053,Americas_avg
268,Americas,2010,877823192.0,15909.111115789472,32.58571225894737,Americas_avg
269,Americas,2011,886926570.0,16417.263157894737,32.07880614263158,Americas_avg
270,Americas,2012,831373402.0,22770.320888888888,34.08079594167467,Americas_avg
271,Americas,2013,839464274.0,23135.964166666665,34.29854660526233,Americas_avg
272,Americas,2014,847390436.0,23237.074333333334,34.47389212380907,Americas_avg
273,Americas,2015,855166500.0,23296.69922222222,34.60748464037629,Americas_avg
274,Americas,2016,862954864.0,23018.046000000002,34.69932415496399,Americas_avg
275,Americas,2017,870633576.0,23067.054222222225,34.74949053830019,Americas_avg
276,Americas,2018,877777358.0,23115.724499999997,34.75770965714261,Americas_avg
277,Americas,2019,884479410.0,22888.501522222225,34.72417577400551,Americas_avg
278,Americas,2020,890087552.0,21162.31322222222,34.648888888888884,Americas_avg
279,Asia,1870,251115205.0,850.0,6.26,Asia_avg
280,Asia,1871,251636609.0,843.1410668201405,6.45954547688434,Asia_avg
281,Asia,1872,252064885.0,835.7405058366251,6.638746757094722,Asia_avg
282,Asia,1873,252399639.0,827.7758136394677,6.798011120402205,Asia_avg
283,Asia,1874,252734813.0,819.2905131368495,6.93646826973954,Asia_avg
284,Asia,1875,253070405.0,810.2635848305754,7.0545812224029145,Asia_avg
285,Asia,1876,253406417.0,800.6950287206455,7.152349978392332,Asia_avg
286,Asia,1877,253742849.0,790.5564083183431,7.229958714672767,Asia_avg
287,Asia,1878,254079702.0,783.4480274265298,7.286983339789136,Asia_avg
288,Asia,1879,254760858.0,782.8684770867179,7.3236637682315475,Asia_avg
289,Asia,1880,292767432.0,1149.7872562179546,4.613165,Asia_avg
290,Asia,1881,294439612.0,1153.3230421856047,4.625006,Asia_avg
291,Asia,1882,296481708.0,1172.3693896697796,4.679092499999999,Asia_avg
292,Asia,1883,298897155.0,1206.9147277938505,5.148427,Asia_avg
293,Asia,1884,301332265.0,1256.959056557817,4.5842805,Asia_avg
294,Asia,1885,303787198.0,1316.3402,4.5002095,Asia_avg
295,Asia,1886,306262114.0,1352.9411,4.494219,Asia_avg
296,Asia,1887,308757177.0,1379.7647,4.7578855,Asia_avg
297,Asia,1888,311272550.0,1320.7843,5.072894,Asia_avg
298,Asia,1889,313448863.0,1322.76685,4.1130775,Asia_avg
299,Asia,1890,315283070.0,1392.2876999999999,4.3048195,Asia_avg
300,Asia,1891,316772102.0,1296.3686,4.30133,Asia_avg
301,Asia,1892,317912865.0,1375.85095,3.3890450000000003,Asia_avg
302,Asia,1893,318702240.0,1381.7219,3.4145559999999997,Asia_avg
303,Asia,1894,319496026.0,1480.20935,3.7930335,Asia_avg
304,Asia,1895,320294259.0,1470.9126999999999,4.0883080000000005,Asia_avg
305,Asia,1896,321096980.0,1377.22155,4.0628855,Asia_avg
306,Asia,1897,321904227.0,1454.2555,3.702397,Asia_avg
307,Asia,1898,322716041.0,1618.42725,3.9044075,Asia_avg
308,Asia,1899,323790830.0,1514.77855,4.291659,Asia_avg
309,Asia,1900,325130656.0,1539.12525,4.148275,Asia_avg
310,Asia,1901,326737593.0,1565.2575,3.8278529999999997,Asia_avg
311,Asia,1902,328613735.0,1528.38355,3.936439,Asia_avg
312,Asia,1903,330761189.0,1627.9358,4.2808399999999995,Asia_avg
313,Asia,1904,332924088.0,1614.4955,4.625433,Asia_avg
314,Asia,1905,335102557.0,1568.1255,5.2907125,Asia_avg
315,Asia,1906,337296722.0,1687.98865,4.4947205,Asia_avg
316,Asia,1907,339506712.0,1668.61025,4.48763,Asia_avg
317,Asia,1908,341732657.0,1671.95875,4.2080065,Asia_avg
318,Asia,1909,343690051.0,1724.6006,3.8847485,Asia_avg
319,Asia,1910,345377333.0,1713.9879,4.694293,Asia_avg
320,Asia,1911,346792931.0,1750.38735,3.887754,Asia_avg
321,Asia,1912,347935271.0,1758.85475,3.8434799999999996,Asia_avg
322,Asia,1913,348802768.0,1751.8125,4.3042905000000005,Asia_avg
323,Asia,1914,349677997.0,1743.902,3.9777674999999997,Asia_avg
324,Asia,1915,350561049.0,1806.53235,3.746372,Asia_avg
325,Asia,1916,351452017.0,1980.6435,3.5063155,Asia_avg
326,Asia,1917,352350998.0,2025.81285,6.841182,Asia_avg
327,Asia,1918,353348436.0,1970.744,3.7956545,Asia_avg
328,Asia,1919,354885412.0,2159.6527,3.9784855,Asia_avg
329,Asia,1920,356968115.0,1992.9812,4.6908065,Asia_avg
330,Asia,1921,359602798.0,2163.176,3.859012,Asia_avg
331,Asia,1922,362795782.0,2180.415,3.8819635,Asia_avg
332,Asia,1923,366553455.0,2156.7749,4.167858,Asia_avg
333,Asia,1924,370351009.0,2213.6786,3.8983,Asia_avg
334,Asia,1925,374188880.0,2263.6769999999997,3.8314624999999998,Asia_avg
335,Asia,1926,378067509.0,2247.76965,3.933821,Asia_avg
336,Asia,1927,381987342.0,2235.946,4.0504345,Asia_avg
337,Asia,1928,385948829.0,2339.55785,4.1070525,Asia_avg
338,Asia,1929,390227094.0,2412.54335,4.2952025,Asia_avg
339,Asia,1930,394829058.0,2245.5541000000003,5.2426345,Asia_avg
340,Asia,1931,399761762.0,2226.9054,5.5348049999999995,Asia_avg
341,Asia,1932,405032371.0,2329.6439,5.540833,Asia_avg
342,Asia,1933,410648174.0,2451.4009,5.694211,Asia_avg
343,Asia,1934,416341917.0,2433.34385,5.6551215,Asia_avg
344,Asia,1935,422114685.0,2454.6515,5.724119,Asia_avg
345,Asia,1936,444334703.0,2376.848566666667,10.381431333333333,Asia_avg
346,Asia,1937,433901697.0,2576.4611999999997,5.4995375,Asia_avg
347,Asia,1938,456875557.0,2510.2804333333333,10.279145,Asia_avg
348,Asia,1939,444406757.0,2938.89135,5.1308875,Asia_avg
349,Asia,1940,447358217.0,2987.6992,5.490822,Asia_avg
350,Asia,1941,448763142.0,3043.62,5.7739080000000005,Asia_avg
351,Asia,1942,448611892.0,3010.27,7.526479,Asia_avg
352,Asia,1943,465381864.0,2576.883333333333,11.513706333333333,Asia_avg
353,Asia,1944,445212622.0,2952.555,8.875690756228636,Asia_avg
354,Asia,1945,462692316.0,2062.556666666667,11.619937661393157,Asia_avg
355,Asia,1946,458658163.0,1597.4566666666667,10.579191447510288,Asia_avg
356,Asia,1947,457491992.0,1696.9833333333333,8.705435666666666,Asia_avg
357,Asia,1948,495816575.0,1748.836770379378,11.1976986,Asia_avg
358,Asia,1949,497515614.0,1739.5365208642263,12.569697999999999,Asia_avg
359,Asia,1950,540213822.0,2093.0,11.150027714285715,Asia_avg
360,Asia,1951,622913919.0,2153.625,12.111814500000001,Asia_avg
361,Asia,1952,636406063.0,2212.875,13.2648775,Asia_avg
362,Asia,1953,712777756.0,2025.3702727272728,14.197114363636365,Asia_avg
363,Asia,1954,728643029.0,2121.730854545455,16.181303363636363,Asia_avg
364,Asia,1955,745246130.0,2236.545527272727,16.31081081818182,Asia_avg
365,Asia,1956,762499389.0,2288.3589454545454,16.563271,Asia_avg
366,Asia,1957,780320294.0,2378.663918181818,15.359996727272728,Asia_avg
367,Asia,1958,798551823.0,2434.6047000000003,17.113180545454547,Asia_avg
368,Asia,1959,817370641.0,2566.6528727272726,16.643272999999997,Asia_avg
369,Asia,1960,836705806.0,2671.4614,16.419930454545455,Asia_avg
370,Asia,1961,859454354.0,3012.8783666666664,17.432809416666668,Asia_avg
371,Asia,1962,901969991.0,3202.728484615385,16.743064999999998,Asia_avg
372,Asia,1963,923015157.0,3406.882484615385,15.689091153846155,Asia_avg
373,Asia,1964,944538199.0,3596.4564153846154,14.985686923076923,Asia_avg
374,Asia,1965,965871306.0,3784.9449923076922,15.485235384615386,Asia_avg
375,Asia,1966,987047246.0,3951.666461538461,16.647346153846154,Asia_avg
376,Asia,1967,1008981294.0,4123.473884615384,17.536500153846156,Asia_avg
377,Asia,1968,1031834185.0,4483.188523076923,18.327932999999998,Asia_avg
378,Asia,1969,1027659484.0,4786.8716583333335,18.795504750000003,Asia_avg
379,Asia,1970,1050871548.0,5105.368516666666,19.34243375,Asia_avg
380,Asia,1971,1074516453.0,5373.501983333333,20.19591655772782,Asia_avg
381,Asia,1972,1098686827.0,5715.305983333333,20.174022186036957,Asia_avg
382,Asia,1973,1123517329.0,6100.594833333334,19.189326902349148,Asia_avg
383,Asia,1974,1148673541.0,6222.4837333333335,19.56298142132936,Asia_avg
384,Asia,1975,1173883988.0,6354.8350833333325,22.6441555,Asia_avg
385,Asia,1976,1199081756.0,6714.985250000001,22.907369250000002,Asia_avg
386,Asia,1977,1224575964.0,7017.94875,23.343833500000002,Asia_avg
387,Asia,1978,1250474750.0,7355.12415,23.26053016666667,Asia_avg
388,Asia,1979,1276978446.0,7691.638166666667,24.488473833333334,Asia_avg
389,Asia,1980,1445285459.0,7335.874666666667,25.525607758,Asia_avg
390,Asia,1981,1480461179.0,7225.1595625,27.86027687626774,Asia_avg
391,Asia,1982,2528196631.0,7115.907352941176,27.430425392932786,Asia_avg
392,Asia,1983,2577902672.0,7452.188423529412,23.178977031573776,Asia_avg
393,Asia,1984,2626819656.0,7782.797470588235,23.0879795647632,Asia_avg
394,Asia,1985,2679798523.0,7961.614722222223,27.76603996393311,Asia_avg
395,Asia,1986,2732000256.0,8378.645277777778,26.704122858460313,Asia_avg
396,Asia,1987,2785924149.0,8974.051388888889,26.87814719783881,Asia_avg
397,Asia,1988,2839932422.0,9411.879722222222,26.726792625401934,Asia_avg
398,Asia,1989,2893570836.0,9671.0815,26.530275129810793,Asia_avg
399,Asia,1990,3003290482.0,10162.346153846154,31.989763648846154,Asia_avg
400,Asia,1991,3075093111.0,11181.781718953109,33.17864486888318,Asia_avg
401,Asia,1992,3145601474.0,11780.0796784698,28.547157872130395,Asia_avg
402,Asia,1993,3192861082.0,12517.264827586207,28.527659467540644,Asia_avg
403,Asia,1994,3237660916.0,12730.88385357143,27.993056411392875,Asia_avg
404,Asia,1995,3320708173.0,13670.530346875,26.581181104770174,Asia_avg
405,Asia,1996,3382361393.0,13715.27345,26.127605171381813,Asia_avg
406,Asia,1997,3426698611.0,13839.188330303032,26.479808877156927,Asia_avg
407,Asia,1998,3601059909.0,12928.405077777777,27.638913520464648,Asia_avg
408,Asia,1999,3651795061.0,14193.64214864865,27.931372735765798,Asia_avg
409,Asia,2000,3751853256.0,13691.915044186047,27.847771182209303,Asia_avg
410,Asia,2001,3801253991.0,14077.330732558139,28.61392954947598,Asia_avg
411,Asia,2002,3848790309.0,14751.605439534884,28.830452835938264,Asia_avg
412,Asia,2003,3917721730.0,15296.645749999998,28.088483027801864,Asia_avg
413,Asia,2004,3992912796.0,16289.19571,28.295534681717264,Asia_avg
414,Asia,2005,4040822288.0,17143.812066666665,27.384229026349075,Asia_avg
415,Asia,2006,4088771474.0,18338.887628888886,27.350617233468874,Asia_avg
416,Asia,2007,4136493577.0,19372.624262222223,27.797954915948406,Asia_avg
417,Asia,2008,4184319275.0,20076.764824444443,28.620883360009906,Asia_avg
418,Asia,2009,4232919229.0,20067.632622222223,30.808800357433867,Asia_avg
419,Asia,2010,4281741573.0,21414.835935555555,29.37490878022222,Asia_avg
420,Asia,2011,4307827524.0,23109.272727272728,29.401184597196917,Asia_avg
421,Asia,2012,3902600999.0,19509.88956875,25.207541708704973,Asia_avg
422,Asia,2013,3943355177.0,20044.95905,25.422852536585204,Asia_avg
423,Asia,2014,3983282355.0,20635.209418749997,25.661970669531335,Asia_avg
424,Asia,2015,4175042131.0,23348.99576842105,25.501729316594115,Asia_avg
425,Asia,2016,4059697201.0,21686.3475125,26.21329357478873,Asia_avg
426,Asia,2017,4096523232.0,22434.55045625,26.526387166967844,Asia_avg
427,Asia,2018,4130547011.0,23004.0715625,26.863020898190186,Asia_avg
428,Asia,2019,4161495840.0,23410.68223125,27.224016842534244,Asia_avg
429,Asia,2020,4189442567.0,23025.56326875,27.609375,Asia_avg
430,Europe,1850,45595057.0,2583.3116333333332,7.613333333333333,Europe_avg
431,Europe,1851,45830762.0,2625.8074,7.951331856187423,Europe_avg
432,Europe,1852,46086883.0,2684.9461666666666,8.263307676257481,Europe_avg
433,Europe,1853,46363553.0,2728.278,8.550008481539,Europe_avg
434,Europe,1854,46641957.0,2798.4852000000005,8.809867600964877,Europe_avg
435,Europe,1855,46922111.0,2808.3632333333335,9.04370401760672,Europe_avg
436,Europe,1856,47204023.0,2860.5028333333335,9.251517731464533,Europe_avg
437,Europe,1857,47487705.0,2860.676766666667,9.433771054900353,Europe_avg
438,Europe,1858,47773171.0,2832.7893333333336,9.589468068113982,Europe_avg
439,Europe,1859,48068042.0,2932.7088666666664,9.719142378543582,Europe_avg
440,Europe,1860,48372460.0,2984.924166666666,9.822793986189149,Europe_avg
441,Europe,1861,48686571.0,2939.4683,9.900599827779265,Europe_avg
442,Europe,1862,49010521.0,2833.8935,9.952134734780651,Europe_avg
443,Europe,1863,49344457.0,3002.4514999999997,9.977646938998005,Europe_avg
444,Europe,1864,49680921.0,3039.054066666666,9.977136440431325,Europe_avg
445,Europe,1865,50019932.0,3049.3610000000003,9.950494800175738,Europe_avg
446,Europe,1866,50361511.0,3115.4841333333334,9.89786760096488,Europe_avg
447,Europe,1867,50705679.0,3105.5729333333334,9.819217698969986,Europe_avg
448,Europe,1868,51052458.0,3036.255833333333,9.714545094191065,Europe_avg
449,Europe,1869,51413167.0,3098.309333333333,9.583455972089775,Europe_avg
450,Europe,1870,122814234.0,3314.469483333333,9.361666666666666,Europe_avg
451,Europe,1871,123478255.0,3345.7579,9.295955631685931,Europe_avg
452,Europe,1872,124142960.0,3446.1608833333335,9.22125620915327,Europe_avg
453,Europe,1873,124808492.0,3448.31775,9.137326770803696,Europe_avg
454,Europe,1874,125479002.0,3536.15475,9.044625947447864,Europe_avg
455,Europe,1875,126154536.0,3555.6421666666665,8.942936736540107,Europe_avg
456,Europe,1876,126835132.0,3531.700116666667,8.848138366367257,Europe_avg
457,Europe,1877,127520837.0,3593.87545,8.775944004737337,Europe_avg
458,Europe,1878,128211693.0,3571.5033333333336,8.72674815635871,Europe_avg
459,Europe,1879,128910739.0,3512.5866666666666,8.70032237700182,Europe_avg
460,Europe,1880,249505583.0,3091.1832214285714,12.047146045785714,Europe_avg
461,Europe,1881,251357904.0,3145.4989321428575,13.358448653357142,Europe_avg
462,Europe,1882,255323086.0,3107.4223599999996,11.706157722,Europe_avg
463,Europe,1883,257219708.0,3178.11346,12.075552539999999,Europe_avg
464,Europe,1884,259132265.0,3187.081036666667,13.187186449266667,Europe_avg
465,Europe,1885,261060893.0,3187.991062666667,13.335687621266667,Europe_avg
466,Europe,1886,263005742.0,3214.86298,13.449378685333333,Europe_avg
467,Europe,1887,264966947.0,3287.237273333333,13.693451702066666,Europe_avg
468,Europe,1888,266944658.0,3329.7695566666666,13.447905321933332,Europe_avg
469,Europe,1889,268979990.0,3355.0523533333335,13.911555306133332,Europe_avg
470,Europe,1890,271074227.0,3386.1543086666666,13.727252737266667,Europe_avg
471,Europe,1891,273228669.0,3370.893450666667,13.418847250333332,Europe_avg
472,Europe,1892,275444648.0,3403.3447233333336,13.306784353866668,Europe_avg
473,Europe,1893,277723514.0,3443.4032573333334,13.0151400228,Europe_avg
474,Europe,1894,280025552.0,3531.7364566666665,13.160574384733334,Europe_avg
475,Europe,1895,282351015.0,3585.997893333333,12.956486709466667,Europe_avg
476,Europe,1896,284700169.0,3661.98454,13.349063132066666,Europe_avg
477,Europe,1897,287073274.0,3683.0323866666668,13.799986267466666,Europe_avg
478,Europe,1898,289470595.0,3787.3368333333333,16.120783250333332,Europe_avg
479,Europe,1899,295183388.0,4004.9295,12.67355691025,Europe_avg
480,Europe,1900,297731708.0,4029.02185625,13.366530830375,Europe_avg
481,Europe,1901,300339033.0,4019.13654625,13.6282574891875,Europe_avg
482,Europe,1902,303006302.0,4088.31165,13.7575579033125,Europe_avg
483,Europe,1903,305734462.0,4117.50978125,12.99180253525,Europe_avg
484,Europe,1904,308492158.0,4180.33484375,12.823828374375,Europe_avg
485,Europe,1905,311279742.0,4241.8993625,12.5997599714375,Europe_avg
486,Europe,1906,314097575.0,4351.202,12.5970863139375,Europe_avg
487,Europe,1907,316946011.0,4421.865384375,12.3675080869375,Europe_avg
488,Europe,1908,319825411.0,4407.56223125,13.703301709944778,Europe_avg
489,Europe,1909,322404875.0,4392.103447058824,13.776824467007572,Europe_avg
490,Europe,1910,324508513.0,4446.444294117647,13.250448915266974,Europe_avg
491,Europe,1911,326189843.0,4594.9252470588235,12.75278955321679,Europe_avg
492,Europe,1912,327501221.0,4691.748647058824,12.747151057327605,Europe_avg
493,Europe,1913,328410744.0,4730.480882352941,13.527694276703441,Europe_avg
494,Europe,1914,329332705.0,4527.192488235294,13.16974948105098,Europe_avg
495,Europe,1915,330267192.0,4434.104288235294,15.374595541348034,Europe_avg
496,Europe,1916,331214291.0,4554.8940764705885,16.578850041111124,Europe_avg
497,Europe,1917,332174089.0,4278.921135294117,17.668686845636564,Europe_avg
498,Europe,1918,333148337.0,4036.035774117647,17.59796584349364,Europe_avg
499,Europe,1919,334382146.0,4153.447929411765,15.554595174051348,Europe_avg
500,Europe,1920,335876976.0,4356.452341176471,14.094322128192047,Europe_avg
501,Europe,1921,337634313.0,4326.95684117647,15.68423711512836,Europe_avg
502,Europe,1922,339655655.0,4729.225370588236,15.922817756607268,Europe_avg
503,Europe,1923,341942516.0,4837.348245294117,15.295700466240636,Europe_avg
504,Europe,1924,349616822.0,4881.513211111112,14.67932592791256,Europe_avg
505,Europe,1925,352038642.0,5036.304144444444,13.94337173372599,Europe_avg
506,Europe,1926,357865735.0,5094.784278947368,14.683828237453746,Europe_avg
507,Europe,1927,365352856.0,5269.455705263158,13.952549089714855,Europe_avg
508,Europe,1928,367914501.0,5446.5184947368425,13.821547063902923,Europe_avg
509,Europe,1929,373500804.0,5556.691315,15.185037126733453,Europe_avg
510,Europe,1930,373038406.0,5593.646621052631,15.411620919789474,Europe_avg
511,Europe,1931,378506456.0,5349.526395,16.079657533272375,Europe_avg
512,Europe,1932,378161050.0,5238.149347368421,15.107669468211133,Europe_avg
513,Europe,1933,383609553.0,5331.63828,16.5640126215,Europe_avg
514,Europe,1934,383303489.0,5481.846184210526,15.503654065263158,Europe_avg
515,Europe,1935,385908435.0,5590.664163157894,16.014625043906513,Europe_avg
516,Europe,1936,391433743.0,5644.27609,15.836118433113517,Europe_avg
517,Europe,1937,394087458.0,5882.45962,15.584795604320524,Europe_avg
518,Europe,1938,396764340.0,5942.849365,16.177436020929573,Europe_avg
519,Europe,1939,399329042.0,6230.709725,17.819897732136578,Europe_avg
520,Europe,1940,401780601.0,5920.737105,21.227513891221015,Europe_avg
521,Europe,1941,404118033.0,5835.00524,23.788936568517613,Europe_avg
522,Europe,1942,406340361.0,5739.74147,23.586449021455877,Europe_avg
523,Europe,1943,408446583.0,5769.916740006134,23.930487644813216,Europe_avg
524,Europe,1944,401298526.0,5726.8344157894735,24.800992316291957,Europe_avg
525,Europe,1945,396572659.0,5522.3204888888895,24.063369836879716,Europe_avg
526,Europe,1946,398671689.0,6008.02485,24.528716887984253,Europe_avg
527,Europe,1947,400789156.0,6398.190922222222,23.417013052608038,Europe_avg
528,Europe,1948,402925228.0,6691.659394444444,20.534357608320757,Europe_avg
529,Europe,1949,405245778.0,6985.43035,21.46285606749212,Europe_avg
530,Europe,1950,432736852.0,7110.4901,21.349327500526318,Europe_avg
531,Europe,1951,436221611.0,7360.953352631578,19.943465901035985,Europe_avg
532,Europe,1952,439881497.0,7525.085557894737,20.66795188105263,Europe_avg
533,Europe,1953,443878114.0,7810.505126315789,21.31698597368421,Europe_avg
534,Europe,1954,447984297.0,8176.377389473684,21.56626232681704,Europe_avg
535,Europe,1955,452069011.0,8554.307736842105,21.42144343408413,Europe_avg
536,Europe,1956,456245033.0,8836.489599999999,22.028950612866137,Europe_avg
537,Europe,1957,460518272.0,9102.817947368421,21.505329131117165,Europe_avg
538,Europe,1958,464960250.0,9218.584078947368,22.5497948552057,Europe_avg
539,Europe,1959,469452038.0,9556.662842105265,22.464127260282837,Europe_avg
540,Europe,1960,473872171.0,10045.101336842106,23.057588639506474,Europe_avg
541,Europe,1961,478422127.0,10495.473657894738,23.262623696951604,Europe_avg
542,Europe,1962,501723675.0,10504.619335,25.178674443407676,Europe_avg
543,Europe,1963,506181260.0,10916.603575,24.278710447650504,Europe_avg
544,Europe,1964,510606314.0,11516.020285,24.31918382533251,Europe_avg
545,Europe,1965,514827571.0,11954.74326,24.698960343139774,Europe_avg
546,Europe,1966,518776121.0,12342.554345,25.466177889862973,Europe_avg
547,Europe,1967,522591403.0,12712.338749999999,26.46217288602535,Europe_avg
548,Europe,1968,526092454.0,13168.419399999999,27.9696765956269,Europe_avg
549,Europe,1969,529281279.0,13806.543425,28.946543246168563,Europe_avg
550,Europe,1970,532200648.0,14426.966665,30.991765549811312,Europe_avg
551,Europe,1971,535261612.0,14973.202125,32.53215041489323,Europe_avg
552,Europe,1972,538612392.0,15653.951000000001,33.20715939991433,Europe_avg
553,Europe,1973,541773905.0,16405.45652,33.27552573019039,Europe_avg
554,Europe,1974,544822475.0,16729.7108,35.07051363275268,Europe_avg
555,Europe,1975,547721900.0,16723.738335,38.702202791754154,Europe_avg
556,Europe,1976,550408005.0,17316.752025,39.193564161395926,Europe_avg
557,Europe,1977,553056536.0,17762.001,39.56842131319136,Europe_avg
558,Europe,1978,555588568.0,18226.981635,41.64176791712789,Europe_avg
559,Europe,1979,557968354.0,18791.960625,41.93500106490586,Europe_avg
560,Europe,1980,560392576.0,19170.365085,42.17133567399139,Europe_avg
561,Europe,1981,562745907.0,19179.45135,44.635799754744426,Europe_avg
562,Europe,1982,564959404.0,19330.27455,45.77224366262292,Europe_avg
563,Europe,1983,567199051.0,19568.0233,46.97101451825806,Europe_avg
564,Europe,1984,569443065.0,20039.343100000002,46.86585567464986,Europe_avg
565,Europe,1985,571676040.0,20555.41622,48.471164478579034,Europe_avg
566,Europe,1986,574072096.0,21126.92095,48.263003555287895,Europe_avg
567,Europe,1987,576698234.0,21674.96775,47.97292566826227,Europe_avg
568,Europe,1988,579288469.0,22263.618599999998,47.23174571500216,Europe_avg
569,Europe,1989,581642026.0,22819.504615,46.92029929797832,Europe_avg
570,Europe,1990,594187902.0,22480.571428571428,44.44786152075501,Europe_avg
571,Europe,1991,596191928.0,22609.942952380952,43.91305359275448,Europe_avg
572,Europe,1992,598035008.0,22746.315714285716,45.65351660851857,Europe_avg
573,Europe,1993,610098177.0,22185.87790909091,46.1897197966932,Europe_avg
574,Europe,1994,611260051.0,22866.590454545454,44.93699631119052,Europe_avg
575,Europe,1995,649076025.0,21046.417078571427,51.18142279060576,Europe_avg
576,Europe,1996,649548353.0,21727.021864285714,49.23282746116284,Europe_avg
577,Europe,1997,708802091.0,21190.241335483868,45.81012217893548,Europe_avg
578,Europe,1998,717411406.0,20791.549735294117,46.723612945294114,Europe_avg
579,Europe,1999,717352457.0,21580.635011764705,45.70414272764706,Europe_avg
580,Europe,2000,728910067.0,21841.30974722222,44.032609798611105,Europe_avg
581,Europe,2001,728827178.0,22533.157161111114,44.76625288333334,Europe_avg
582,Europe,2002,734015562.0,22487.346576315787,44.98602996210526,Europe_avg
583,Europe,2003,734503950.0,23151.175305263157,45.1214558381579,Europe_avg
584,Europe,2004,735247408.0,24247.886965789472,44.19648745184211,Europe_avg
585,Europe,2005,736046252.0,25248.88625,43.92208672631579,Europe_avg
586,Europe,2006,736973534.0,26535.67348157895,43.660444735263155,Europe_avg
587,Europe,2007,738540044.0,27864.671323684208,43.76198010894736,Europe_avg
588,Europe,2008,740439535.0,28299.09292105263,45.577099927105266,Europe_avg
589,Europe,2009,742122126.0,27028.89492105263,49.04237813552631,Europe_avg
590,Europe,2010,743529998.0,27660.974526315786,48.540331550789475,Europe_avg
591,Europe,2011,744848995.0,28279.105263157893,46.02567481736842,Europe_avg
592,Europe,2012,613646233.0,38147.80489473684,50.51709270240158,Europe_avg
593,Europe,2013,615165154.0,38155.55047368421,50.77974242227551,Europe_avg
594,Europe,2014,616626656.0,38679.749684210525,50.966528997152224,Europe_avg
595,Europe,2015,626790022.0,39377.16125,51.2501696952668,Europe_avg
596,Europe,2016,619747996.0,39793.41636842105,51.11497397322878,Europe_avg
597,Europe,2017,621299189.0,40760.70421052632,51.07642424906059,Europe_avg
598,Europe,2018,622661488.0,41517.85847368421,50.962834329195836,Europe_avg
599,Europe,2019,623968926.0,42028.230421052634,50.77420168477214,Europe_avg
600,Europe,2020,624623754.0,39942.22694736842,50.51052631578948,Europe_avg
601,Oceania,1880,510014.0,5973.0,12.882,Oceania_avg
602,Oceania,1881,529338.0,6001.0,13.0375,Oceania_avg
603,Oceania,1882,545917.0,5812.0,11.9473,Oceania_avg
604,Oceania,1883,559490.0,5571.0,12.3469,Oceania_avg
605,Oceania,1884,573401.0,5903.0,13.0074,Oceania_avg
606,Oceania,1885,587658.0,5718.0,13.3425,Oceania_avg
607,Oceania,1886,602269.0,5742.0,14.6328,Oceania_avg
608,Oceania,1887,617244.0,5745.0,14.8049,Oceania_avg
609,Oceania,1888,632591.0,5665.0,14.4367,Oceania_avg
610,Oceania,1889,647608.0,5899.0,14.2133,Oceania_avg
611,Oceania,1890,662272.0,5985.0,13.151,Oceania_avg
612,Oceania,1891,676562.0,5947.0,13.633,Oceania_avg
613,Oceania,1892,690453.0,6059.0,13.7482,Oceania_avg
614,Oceania,1893,703920.0,6038.0,13.1976,Oceania_avg
615,Oceania,1894,717650.0,5705.0,14.031,Oceania_avg
616,Oceania,1895,731648.0,5805.0,14.2904,Oceania_avg
617,Oceania,1896,745919.0,6357.0,13.789,Oceania_avg
618,Oceania,1897,760468.0,6296.0,12.9956,Oceania_avg
619,Oceania,1898,775301.0,6352.0,13.2476,Oceania_avg
620,Oceania,1899,791494.0,6441.0,13.646,Oceania_avg
621,Oceania,1900,809099.0,6851.0,13.4994,Oceania_avg
622,Oceania,1901,4583187.0,6425.0,7.211024999999999,Oceania_avg
623,Oceania,1902,4664319.0,6584.0,8.56542,Oceania_avg
624,Oceania,1903,4745826.0,7016.0,8.3659,Oceania_avg
625,Oceania,1904,4828837.0,7065.5,8.015895,Oceania_avg
626,Oceania,1905,4913379.0,7278.0,8.041995,Oceania_avg
627,Oceania,1906,4999482.0,7703.0,7.53332,Oceania_avg
628,Oceania,1907,5087177.0,7935.0,7.214085,Oceania_avg
629,Oceania,1908,5176497.0,7594.0,7.338094999999999,Oceania_avg
630,Oceania,1909,5269683.0,7771.5,8.081865,Oceania_avg
631,Oceania,1910,5366832.0,8389.5,8.102965,Oceania_avg
632,Oceania,1911,5468045.0,8446.5,7.48387,Oceania_avg
633,Oceania,1912,5573419.0,8214.5,7.95028,Oceania_avg
634,Oceania,1913,5683058.0,8216.0,9.192741,Oceania_avg
635,Oceania,1914,5794862.0,8142.0,9.393176,Oceania_avg
636,Oceania,1915,5908873.0,8026.5,9.8479585,Oceania_avg
637,Oceania,1916,6025135.0,7968.0,10.531049,Oceania_avg
638,Oceania,1917,6143692.0,7810.0,11.663119,Oceania_avg
639,Oceania,1918,6265796.0,7582.0,12.013344,Oceania_avg
640,Oceania,1919,6389130.0,7969.0,13.4090385,Oceania_avg
641,Oceania,1920,6513692.0,8294.5,12.971322,Oceania_avg
642,Oceania,1921,6639483.0,8001.0,12.5349945,Oceania_avg
643,Oceania,1922,6766502.0,7894.0,13.030476,Oceania_avg
644,Oceania,1923,6894746.0,8237.5,13.208956500000001,Oceania_avg
645,Oceania,1924,7025421.0,8416.5,12.522570000000002,Oceania_avg
646,Oceania,1925,7158573.0,8643.0,12.642439999999999,Oceania_avg
647,Oceania,1926,7294249.0,8350.5,11.618095,Oceania_avg
648,Oceania,1927,7432496.0,8151.0,12.582635,Oceania_avg
649,Oceania,1928,7573363.0,8442.5,13.165,Oceania_avg
650,Oceania,1929,7700703.0,8388.5,12.04359,Oceania_avg
651,Oceania,1930,7814118.0,7705.0,13.10721,Oceania_avg
652,Oceania,1931,7913202.0,7036.5,16.066025,Oceania_avg
653,Oceania,1932,7997543.0,7086.0,17.91694,Oceania_avg
654,Oceania,1933,8066718.0,7506.0,16.118055000000002,Oceania_avg
655,Oceania,1934,8136490.0,7833.0,16.12064,Oceania_avg
656,Oceania,1935,8206867.0,8191.0,15.19142,Oceania_avg
657,Oceania,1936,8277853.0,9050.5,13.837029999999999,Oceania_avg
658,Oceania,1937,8349454.0,9442.5,12.977255000000001,Oceania_avg
659,Oceania,1938,8421674.0,9841.0,15.165325000000001,Oceania_avg
660,Oceania,1939,8507194.0,9807.5,14.304475,Oceania_avg
661,Oceania,1940,8606331.0,9935.0,15.096045,Oceania_avg
662,Oceania,1941,8719410.0,10295.0,17.333205,Oceania_avg
663,Oceania,1942,8846761.0,11371.0,19.158135,Oceania_avg
664,Oceania,1943,8988722.0,11660.5,21.536445,Oceania_avg
665,Oceania,1944,9132960.0,11341.0,21.358359999999998,Oceania_avg
666,Oceania,1945,9279515.0,11034.5,19.780755,Oceania_avg
667,Oceania,1946,9428420.0,10963.5,18.036725,Oceania_avg
668,Oceania,1947,9579717.0,11564.0,21.681855,Oceania_avg
669,Oceania,1948,9733442.0,11075.0,19.91959,Oceania_avg
670,Oceania,1949,9902943.0,11762.0,19.855885,Oceania_avg
671,Oceania,1950,10088780.0,12647.0,18.3217,Oceania_avg
672,Oceania,1951,10371965.0,12082.5,17.2340865,Oceania_avg
673,Oceania,1952,10631744.0,12125.5,19.889243,Oceania_avg
674,Oceania,1953,10868126.0,12242.5,18.9859075,Oceania_avg
675,Oceania,1954,11099702.0,13177.5,17.4952495,Oceania_avg
676,Oceania,1955,11350823.0,13351.5,16.4358165,Oceania_avg
677,Oceania,1956,11616156.0,13635.0,15.803484000000001,Oceania_avg
678,Oceania,1957,11879514.0,13656.5,16.455321,Oceania_avg
679,Oceania,1958,12139708.0,13939.5,15.356838,Oceania_avg
680,Oceania,1959,12400696.0,14551.5,16.6052495,Oceania_avg
681,Oceania,1960,12667839.0,14550.0,25.228595804999998,Oceania_avg
682,Oceania,1961,12937559.0,14663.0,23.990054845,Oceania_avg
683,Oceania,1962,13198254.0,14950.0,23.830116044999997,Oceania_avg
684,Oceania,1963,13457409.0,15566.5,22.869089375,Oceania_avg
685,Oceania,1964,13722264.0,16152.5,23.580493060000002,Oceania_avg
686,Oceania,1965,13997761.0,16761.5,27.213398595,Oceania_avg
687,Oceania,1966,14277037.0,17217.5,27.739810034999998,Oceania_avg
688,Oceania,1967,14534313.0,17067.5,28.7209383,Oceania_avg
689,Oceania,1968,14783688.0,17289.5,28.31436961,Oceania_avg
690,Oceania,1969,15054710.0,18388.0,27.987848235,Oceania_avg
691,Oceania,1970,15419106.0,18500.5,27.68990598,Oceania_avg
692,Oceania,1971,15862728.0,19021.0,28.873630804999998,Oceania_avg
693,Oceania,1972,16221205.0,19330.5,29.07230192,Oceania_avg
694,Oceania,1973,16493961.0,20165.5,29.183695805,Oceania_avg
695,Oceania,1974,16756198.0,20613.5,31.45740412,Oceania_avg
696,Oceania,1975,16982299.0,20450.0,33.899756104999994,Oceania_avg
697,Oceania,1976,17165897.0,20887.0,35.020323215000005,Oceania_avg
698,Oceania,1977,17334537.0,20351.0,34.78858727,Oceania_avg
699,Oceania,1978,17499117.0,20565.0,38.027840425,Oceania_avg
700,Oceania,1979,17663064.0,21203.0,38.842518299999995,Oceania_avg
701,Oceania,1980,17853495.0,21326.5,39.302714879999996,Oceania_avg
702,Oceania,1981,18090676.0,21952.5,40.113062764999995,Oceania_avg
703,Oceania,1982,18354169.0,21843.5,42.499803445,Oceania_avg
704,Oceania,1983,18602910.0,21856.0,43.73145436,Oceania_avg
705,Oceania,1984,18829819.0,22896.0,44.843105535,Oceania_avg
706,Oceania,1985,19054045.0,23353.5,42.068765979999995,Oceania_avg
707,Oceania,1986,19293972.0,23620.0,42.02438148,Oceania_avg
708,Oceania,1987,19558700.0,24056.5,40.619100024999995,Oceania_avg
709,Oceania,1988,19841906.0,24362.0,40.024225235,Oceania_avg
710,Oceania,1989,20130339.0,24757.0,40.75480409,Oceania_avg
711,Oceania,1990,20445390.0,24595.0,42.315221449999996,Oceania_avg
712,Oceania,1991,20752698.0,23993.585,44.765322964999996,Oceania_avg
713,Oceania,1992,20995068.0,24326.619,44.585260875,Oceania_avg
714,Oceania,1993,21205253.0,25260.0765,42.129145135,Oceania_avg
715,Oceania,1994,21426399.0,26460.514499999997,40.335525155,Oceania_avg
716,Oceania,1995,21676901.0,27220.982,39.14978755,Oceania_avg
717,Oceania,1996,21940310.0,28030.859,37.411480845,Oceania_avg
718,Oceania,1997,22186107.0,28830.0605,35.959335620000004,Oceania_avg
719,Oceania,1998,22411713.0,29599.278,36.10453123,Oceania_avg
720,Oceania,1999,22634388.0,30709.505999999998,35.248558195,Oceania_avg
721,Oceania,2000,22873234.0,31713.0325,35.239021315,Oceania_avg
722,Oceania,2001,23137733.0,32221.655,34.39281361,Oceania_avg
723,Oceania,2002,23424424.0,33316.4605,33.735837535,Oceania_avg
724,Oceania,2003,23718948.0,34199.9715,33.697982785,Oceania_avg
725,Oceania,2004,24006475.0,35347.2305,33.32582363,Oceania_avg
726,Oceania,2005,24304514.0,36087.3465,33.29838584,Oceania_avg
727,Oceania,2006,24647018.0,36724.807,33.803577454999996,Oceania_avg
728,Oceania,2007,25052327.0,37909.0115,33.62798993,Oceania_avg
729,Oceania,2008,25508111.0,37933.1365,35.764613945,Oceania_avg
730,Oceania,2009,25963782.0,37959.8095,37.139999025,Oceania_avg
731,Oceania,2010,26365511.0,38493.1565,37.45476,Oceania_avg
732,Oceania,2011,26738306.0,39094.5,36.099791,Oceania_avg
733,Oceania,2012,22729272.0,47045.13,38.17246311839837,Oceania_avg
734,Oceania,2013,23111788.0,47260.953,38.78364068754384,Oceania_avg
735,Oceania,2014,23469578.0,47753.848,39.462030533219625,Oceania_avg
736,Oceania,2015,23820240.0,48145.53,40.20920830945255,Oceania_avg
737,Oceania,2016,24195706.0,48675.137,41.02517401624262,Oceania_avg
738,Oceania,2017,24590336.0,49001.902,41.91244612436428,Oceania_avg
739,Oceania,2018,24979228.0,49614.387,42.86617615235237,Oceania_avg
740,Oceania,2019,25357168.0,49814.67,43.88869411089762,Oceania_avg
741,Oceania,2020,25670052.0,48268.945,44.98,Oceania_avg
